environment_id,simplified_edge_id,network_length,straight_distance,individual_circuity,excess_length,excess_share,straight_distance_weight,aggregate_circuity_excess_contribution,source_fragment_count,source_provenance
38,env38_simplified_edge_00001,39.52552524837881,39.52552524835395,1.000000000000629,2.4861890324245906e-11,2.3027561446086163e-13,0.007803301016045871,4.908342465002117e-15,1,"{""shape_ids"":[""env38_shape_4330855547456548042""],""segment_ids"":[""env38_shape_4330855547456548042_segment_0026""],""fragment_ids"":[""env38_topology_fragment_00057""]}"
38,env38_simplified_edge_00002,72.66467776655305,72.5256109498445,1.0019174856286936,0.13906681670854937,0.001288063628751791,0.014318321389994376,2.7455175492330256e-05,3,"{""shape_ids"":[""env38_shape_4330855547829185599"",""env38_shape_4330855547829185599"",""env38_shape_4330855547829185599""],""segment_ids"":[""env38_shape_4330855547829185599_segment_0021"",""env38_shape_4330855547829185599_segment_0022"",""env38_shape_4330855547829185599_segment_0023""],""fragment_ids"":[""env38_topology_fragment_00168"",""env38_topology_fragment_00169"",""env38_topology_fragment_00170""]}"
38,env38_simplified_edge_00003,155.11657020000206,155.00001794522325,1.0007519499437736,0.11655225477881004,0.0010795294217759142,0.030600777343735844,2.3010252803049126e-05,4,"{""shape_ids"":[""env38_shape_4330855547829185599"",""env38_shape_4330855547829185599"",""env38_shape_4330855547829185599"",""env38_shape_4330855547829185599""],""segment_ids"":[""env38_shape_4330855547829185599_segment_0024"",""env38_shape_4330855547829185599_segment_0025"",""env38_shape_4330855547829185599_segment_0026"",""env38_shape_4330855547829185599_segment_0027""],""fragment_ids"":[""env38_topology_fragment_00171"",""env38_topology_fragment_00172"",""env38_topology_fragment_00173"",""env38_topology_fragment_00174""]}"
38,env38_simplified_edge_00004,64.86355587740165,61.11085455266527,1.0614080976645859,3.7527013247363783,0.03475824211962732,0.012064770560945386,0.0007408746089073562,3,"{""shape_ids"":[""env38_shape_4330855547829185599"",""env38_shape_4330855547829185599"",""env38_shape_4330855547829185599""],""segment_ids"":[""env38_shape_4330855547829185599_segment_0020"",""env38_shape_4330855547829185599_segment_0019"",""env38_shape_4330855547829185599_segment_0018""],""fragment_ids"":[""env38_topology_fragment_00167"",""env38_topology_fragment_00166"",""env38_topology_fragment_00165""]}"
38,env38_simplified_edge_00005,78.21786857947046,78.21770208492435,1.0000021286044165,0.00016649454610728753,1.5421045386821681e-06,0.015442078765986338,3.2870077061384495e-08,2,"{""shape_ids"":[""env38_shape_4330855547524397474"",""env38_shape_4330855547524397474""],""segment_ids"":[""env38_shape_4330855547524397474_segment_0032"",""env38_shape_4330855547524397474_segment_0031""],""fragment_ids"":[""env38_topology_fragment_00112"",""env38_topology_fragment_00111""]}"
38,env38_simplified_edge_00006,18.05725404022776,18.03025061736817,1.001497673184508,0.027003422859589676,0.0002501109010795661,0.0035596104562311925,5.3311331275914595e-06,2,"{""shape_ids"":[""env38_shape_4330855547829185599"",""env38_shape_4330855547829185599""],""segment_ids"":[""env38_shape_4330855547829185599_segment_0027"",""env38_shape_4330855547829185599_segment_0028""],""fragment_ids"":[""env38_topology_fragment_00175"",""env38_topology_fragment_00176""]}"
38,env38_simplified_edge_00007,28.660957109981563,28.59043357712344,1.002466682873762,0.07052353285812174,0.0006532025381439826,0.0056444476823454826,1.3923062429887474e-05,2,"{""shape_ids"":[""env38_shape_4330855547456548042"",""env38_shape_4330855547456548042""],""segment_ids"":[""env38_shape_4330855547456548042_segment_0026"",""env38_shape_4330855547456548042_segment_0025""],""fragment_ids"":[""env38_topology_fragment_00056"",""env38_topology_fragment_00055""]}"
38,env38_simplified_edge_00008,80.0538163742815,80.0538163742815,1.0,0.0,0.0,0.01580457243076853,0.0,1,"{""shape_ids"":[""env38_shape_4330855547524397474""],""segment_ids"":[""env38_shape_4330855547524397474_segment_0028""],""fragment_ids"":[""env38_topology_fragment_00107""]}"
38,env38_simplified_edge_00009,93.0250159804337,89.06494631225235,1.0444627188602098,3.9600696681813474,0.03667892763805519,0.017583588875429632,0.0007818141687217388,4,"{""shape_ids"":[""env38_shape_4330855547524397474"",""env38_shape_4330855547524397474"",""env38_shape_4330855547524397474"",""env38_shape_4330855547524397474""],""segment_ids"":[""env38_shape_4330855547524397474_segment_0027"",""env38_shape_4330855547524397474_segment_0026"",""env38_shape_4330855547524397474_segment_0025"",""env38_shape_4330855547524397474_segment_0024""],""fragment_ids"":[""env38_topology_fragment_00106"",""env38_topology_fragment_00105"",""env38_topology_fragment_00104"",""env38_topology_fragment_00103""]}"
38,env38_simplified_edge_00010,144.11546268535938,144.11546268486404,1.000000000003437,4.95333551953081e-10,4.587874717146495e-12,0.028451901127956637,9.779090309237714e-14,1,"{""shape_ids"":[""env38_shape_4330855547829185599""],""segment_ids"":[""env38_shape_4330855547829185599_segment_0017""],""fragment_ids"":[""env38_topology_fragment_00164""]}"
38,env38_simplified_edge_00011,106.97443367272766,106.76462887969954,1.0019651151812135,0.2098047930281126,0.001943252383519149,0.02107793715023218,4.142057428258325e-05,4,"{""shape_ids"":[""env38_shape_4330855547829185599"",""env38_shape_4330855547829185599"",""env38_shape_4330855547829185599"",""env38_shape_4330855547829185599""],""segment_ids"":[""env38_shape_4330855547829185599_segment_0017"",""env38_shape_4330855547829185599_segment_0016"",""env38_shape_4330855547829185599_segment_0015"",""env38_shape_4330855547829185599_segment_0014""],""fragment_ids"":[""env38_topology_fragment_00163"",""env38_topology_fragment_00162"",""env38_topology_fragment_00161"",""env38_topology_fragment_00160""]}"
38,env38_simplified_edge_00012,85.27883358238961,85.07595160317969,1.0023847159554116,0.2028819792099199,0.0018791319491920854,0.01679606419939501,4.00538422844133e-05,2,"{""shape_ids"":[""env38_shape_4330855547456548042"",""env38_shape_4330855547456548042""],""segment_ids"":[""env38_shape_4330855547456548042_segment_0025"",""env38_shape_4330855547456548042_segment_0024""],""fragment_ids"":[""env38_topology_fragment_00054"",""env38_topology_fragment_00053""]}"
38,env38_simplified_edge_00013,119.71801443294311,119.41733042112686,1.0025179260895876,0.3006840118162444,0.0027849932035142948,0.023575888491133252,5.93623447170297e-05,2,"{""shape_ids"":[""env38_shape_4330855547829185599"",""env38_shape_4330855547829185599""],""segment_ids"":[""env38_shape_4330855547829185599_segment_0013"",""env38_shape_4330855547829185599_segment_0010""],""fragment_ids"":[""env38_topology_fragment_00159"",""env38_topology_fragment_00156""]}"
38,env38_simplified_edge_00014,149.93310300631407,140.85661421664307,1.0644377890250223,9.076488789671004,0.08406818652684278,0.027808525096811615,0.0017919198732853849,6,"{""shape_ids"":[""env38_shape_4330855547529842337"",""env38_shape_4330855547529842337"",""env38_shape_4330855547529842337"",""env38_shape_4330855547529842337"",""env38_shape_4330855547529842337"",""env38_shape_4330855547529842337""],""segment_ids"":[""env38_shape_4330855547529842337_segment_0003"",""env38_shape_4330855547529842337_segment_0002"",""env38_shape_4330855547529842337_segment_0001"",""env38_shape_4330855547529842337_segment_0004"",""env38_shape_4330855547529842337_segment_0005"",""env38_shape_4330855547529842337_segment_0007""],""fragment_ids"":[""env38_topology_fragment_00115"",""env38_topology_fragment_00114"",""env38_topology_fragment_00113"",""env38_topology_fragment_00116"",""env38_topology_fragment_00117"",""env38_topology_fragment_00119""]}"
38,env38_simplified_edge_00015,228.44007725666845,210.64847214606712,1.0844611163296942,17.791605110601324,0.1647892716787211,0.04158713708160957,0.003512496022868765,8,"{""shape_ids"":[""env38_shape_4330855547829185599"",""env38_shape_4330855547829185599"",""env38_shape_4330855547829185599"",""env38_shape_4330855547829185599"",""env38_shape_4330855547829185599"",""env38_shape_4330855547829185599"",""env38_shape_4330855547829185599"",""env38_shape_4330855547829185599""],""segment_ids"":[""env38_shape_4330855547829185599_segment_0010"",""env38_shape_4330855547829185599_segment_0009"",""env38_shape_4330855547829185599_segment_0008"",""env38_shape_4330855547829185599_segment_0006"",""env38_shape_4330855547829185599_segment_0005"",""env38_shape_4330855547829185599_segment_0004"",""env38_shape_4330855547829185599_segment_0003"",""env38_shape_4330855547829185599_segment_0001""],""fragment_ids"":[""env38_topology_fragment_00155"",""env38_topology_fragment_00154"",""env38_topology_fragment_00153"",""env38_topology_fragment_00151"",""env38_topology_fragment_00150"",""env38_topology_fragment_00149"",""env38_topology_fragment_00148"",""env38_topology_fragment_00144""]}"
38,env38_simplified_edge_00016,185.37170785461072,177.97380472696227,1.0415673707655906,7.397903127648448,0.06852080297288687,0.03513636219959633,0.0014605261949047002,5,"{""shape_ids"":[""env38_shape_4330855547524397474"",""env38_shape_4330855547524397474"",""env38_shape_4330855547524397474"",""env38_shape_4330855547524397474"",""env38_shape_4330855547524397474""],""segment_ids"":[""env38_shape_4330855547524397474_segment_0024"",""env38_shape_4330855547524397474_segment_0023"",""env38_shape_4330855547524397474_segment_0022"",""env38_shape_4330855547524397474_segment_0021"",""env38_shape_4330855547524397474_segment_0020""],""fragment_ids"":[""env38_topology_fragment_00102"",""env38_topology_fragment_00101"",""env38_topology_fragment_00100"",""env38_topology_fragment_00099"",""env38_topology_fragment_00098""]}"
38,env38_simplified_edge_00017,62.19901125966523,60.58891883207353,1.0265740412377085,1.6100924275916952,0.014912986030707372,0.011961727742078007,0.00031787144629222275,2,"{""shape_ids"":[""env38_shape_4330855546755831596"",""env38_shape_4330855546755831596""],""segment_ids"":[""env38_shape_4330855546755831596_segment_0002"",""env38_shape_4330855546755831596_segment_0001""],""fragment_ids"":[""env38_topology_fragment_00005"",""env38_topology_fragment_00004""]}"
38,env38_simplified_edge_00018,36.35490032886818,36.234209450857364,1.0033308544560495,0.12069087801081935,0.0011178621468963177,0.007153515143616445,2.3827317792532453e-05,1,"{""shape_ids"":[""env38_shape_4330855546755831596""],""segment_ids"":[""env38_shape_4330855546755831596_segment_0002""],""fragment_ids"":[""env38_topology_fragment_00006""]}"
38,env38_simplified_edge_00019,34.3740762925391,34.37407629254339,0.9999999999998751,-4.291678123991005e-12,-3.9750348995244476e-14,0.006786279569312306,-8.472817516036808e-16,1,"{""shape_ids"":[""env38_shape_4330855547456548042""],""segment_ids"":[""env38_shape_4330855547456548042_segment_0024""],""fragment_ids"":[""env38_topology_fragment_00052""]}"
38,env38_simplified_edge_00020,0.01877981148047633,0.01877981148048926,0.9999999999993114,-1.293062878993112e-14,-1.1976597318760036e-16,3.707592020246578e-06,-2.5528209464789732e-18,1,"{""shape_ids"":[""env38_shape_4330855547529842337""],""segment_ids"":[""env38_shape_4330855547529842337_segment_0024""],""fragment_ids"":[""env38_topology_fragment_00143""]}"
38,env38_simplified_edge_00021,39.77863055579262,39.750002653542104,1.0007201987506775,0.028627902250512705,0.0002651571419343493,0.00784761832120444,5.651844910726161e-06,2,"{""shape_ids"":[""env38_shape_4330855547529842337"",""env38_shape_4330855547529842337""],""segment_ids"":[""env38_shape_4330855547529842337_segment_0024"",""env38_shape_4330855547529842337_segment_0023""],""fragment_ids"":[""env38_topology_fragment_00142"",""env38_topology_fragment_00141""]}"
38,env38_simplified_edge_00022,73.81302605041621,71.8408660363249,1.0274517850758387,1.9721600140913154,0.018266525720175456,0.0141831360725109,0.00038935240316394514,1,"{""shape_ids"":[""env38_shape_4330855546755831596""],""segment_ids"":[""env38_shape_4330855546755831596_segment_0001""],""fragment_ids"":[""env38_topology_fragment_00003""]}"
38,env38_simplified_edge_00023,0.8900414912740825,0.8900414912741077,0.9999999999999717,-2.5202062658991053e-14,-2.334263561134234e-16,0.00017571586030906605,-4.975500766091565e-18,1,"{""shape_ids"":[""env38_shape_4330855547456548042""],""segment_ids"":[""env38_shape_4330855547456548042_segment_0029""],""fragment_ids"":[""env38_topology_fragment_00063""]}"
38,env38_simplified_edge_00024,27.549426901883354,27.549426901880118,1.0000000000001175,3.2365221613872563e-12,2.997729133664546e-14,0.005438927619156062,6.3896827459516e-16,1,"{""shape_ids"":[""env38_shape_4330855547456548042""],""segment_ids"":[""env38_shape_4330855547456548042_segment_0029""],""fragment_ids"":[""env38_topology_fragment_00062""]}"
38,env38_simplified_edge_00025,94.29029901007382,90.53910548092401,1.0414317493996024,3.751193529149816,0.03474427662663186,0.01787462378683003,0.0007405769333481149,1,"{""shape_ids"":[""env38_shape_4330855546755831596""],""segment_ids"":[""env38_shape_4330855546755831596_segment_0002""],""fragment_ids"":[""env38_topology_fragment_00007""]}"
38,env38_simplified_edge_00026,2.079230137340751,1.6724082775602294,1.2432551101540879,0.40682185978052177,0.0037680623844482996,0.00033017411228640774,8.031654005425825e-05,2,"{""shape_ids"":[""env38_shape_4330855547456548042"",""env38_shape_4330855547456548042""],""segment_ids"":[""env38_shape_4330855547456548042_segment_0031"",""env38_shape_4330855547456548042_segment_0030""],""fragment_ids"":[""env38_topology_fragment_00066"",""env38_topology_fragment_00065""]}"
38,env38_simplified_edge_00027,1.6338756638215002,1.633875663785291,1.0000000000221616,3.6209257814334705e-11,3.3537711668835404e-13,0.0003225668361697317,7.148589083066817e-15,1,"{""shape_ids"":[""env38_shape_4330855547456548042""],""segment_ids"":[""env38_shape_4330855547456548042_segment_0024""],""fragment_ids"":[""env38_topology_fragment_00051""]}"
38,env38_simplified_edge_00028,35.0783560358813,34.98911110517842,1.0025506486985225,0.08924493070288264,0.0008266037291251968,0.00690770241564218,1.761912217623849e-05,2,"{""shape_ids"":[""env38_shape_4330855547456548042"",""env38_shape_4330855547456548042""],""segment_ids"":[""env38_shape_4330855547456548042_segment_0031"",""env38_shape_4330855547456548042_segment_0032""],""fragment_ids"":[""env38_topology_fragment_00067"",""env38_topology_fragment_00068""]}"
38,env38_simplified_edge_00029,0.2708370165057581,0.27083701650687736,0.9999999999958674,-1.1192713422758516e-12,-1.0366906648270829e-14,5.346982115510185e-05,-2.209714139795247e-16,1,"{""shape_ids"":[""env38_shape_4330855547529842337""],""segment_ids"":[""env38_shape_4330855547529842337_segment_0012""],""fragment_ids"":[""env38_topology_fragment_00127""]}"
38,env38_simplified_edge_00030,0.3014535695529683,0.3014535695516725,1.0000000000042986,1.2957968031912515e-12,1.2001919451003618e-14,5.95142741505044e-05,2.558218378477432e-16,1,"{""shape_ids"":[""env38_shape_4330855547529842337""],""segment_ids"":[""env38_shape_4330855547529842337_segment_0012""],""fragment_ids"":[""env38_topology_fragment_00126""]}"
38,env38_simplified_edge_00031,21.355513408674945,21.355513408706862,0.9999999999985054,-3.19175796903437e-11,-2.956267676931096e-13,0.004216098291755993,-6.301307331463136e-15,1,"{""shape_ids"":[""env38_shape_4330855547456548042""],""segment_ids"":[""env38_shape_4330855547456548042_segment_0024""],""fragment_ids"":[""env38_topology_fragment_00050""]}"
38,env38_simplified_edge_00032,61.92867573646569,61.205539456878824,1.011814882868508,0.7231362795868677,0.006697827435849175,0.012083463666340225,0.0001427647078636819,2,"{""shape_ids"":[""env38_shape_4330855547529842337"",""env38_shape_4330855547529842337""],""segment_ids"":[""env38_shape_4330855547529842337_segment_0012"",""env38_shape_4330855547529842337_segment_0011""],""fragment_ids"":[""env38_topology_fragment_00125"",""env38_topology_fragment_00124""]}"
38,env38_simplified_edge_00033,21.34646347977014,21.346463479765085,1.000000000000237,5.055511564933113e-12,4.6825121374364976e-14,0.004214311615443337,9.980810699768525e-16,1,"{""shape_ids"":[""env38_shape_4330855547456548042""],""segment_ids"":[""env38_shape_4330855547456548042_segment_0030""],""fragment_ids"":[""env38_topology_fragment_00064""]}"
38,env38_simplified_edge_00034,0.1706880113698081,0.17068801136935394,1.0000000000026608,4.541644837985359e-13,4.2065588822510435e-15,3.3697969202845624e-05,8.966312669114128e-17,1,"{""shape_ids"":[""env38_shape_4330855547456548042""],""segment_ids"":[""env38_shape_4330855547456548042_segment_0032""],""fragment_ids"":[""env38_topology_fragment_00069""]}"
38,env38_simplified_edge_00035,62.23890674781235,61.93640296598258,1.0048841031662092,0.30250378182977045,0.00280184826371193,0.012227753917446191,5.972161162382708e-05,2,"{""shape_ids"":[""env38_shape_4330855547456548042"",""env38_shape_4330855547456548042""],""segment_ids"":[""env38_shape_4330855547456548042_segment_0029"",""env38_shape_4330855547456548042_segment_0028""],""fragment_ids"":[""env38_topology_fragment_00061"",""env38_topology_fragment_00060""]}"
38,env38_simplified_edge_00036,52.51635038092916,50.19702375563983,1.0462044649615057,2.319326625289328,0.02148204970774426,0.009910114641453766,0.0004578915447155548,4,"{""shape_ids"":[""env38_shape_4330855547529842337"",""env38_shape_4330855547529842337"",""env38_shape_4330855547529842337"",""env38_shape_4330855547529842337""],""segment_ids"":[""env38_shape_4330855547529842337_segment_0010"",""env38_shape_4330855547529842337_segment_0009"",""env38_shape_4330855547529842337_segment_0008"",""env38_shape_4330855547529842337_segment_0007""],""fragment_ids"":[""env38_topology_fragment_00123"",""env38_topology_fragment_00122"",""env38_topology_fragment_00121"",""env38_topology_fragment_00120""]}"
38,env38_simplified_edge_00037,68.03334358172839,66.95285706670441,1.0161380195313772,1.0804865150239777,0.010007674111617182,0.013218124093051646,0.0002133143447818342,3,"{""shape_ids"":[""env38_shape_4330855547529842337"",""env38_shape_4330855547529842337"",""env38_shape_4330855547529842337""],""segment_ids"":[""env38_shape_4330855547529842337_segment_0013"",""env38_shape_4330855547529842337_segment_0014"",""env38_shape_4330855547529842337_segment_0015""],""fragment_ids"":[""env38_topology_fragment_00128"",""env38_topology_fragment_00129"",""env38_topology_fragment_00130""]}"
38,env38_simplified_edge_00038,55.63442245419875,55.593852002167694,1.0007297650831872,0.040570452031055027,0.00037577133711732256,0.010975579934449708,8.00959500389071e-06,2,"{""shape_ids"":[""env38_shape_4330855547456548042"",""env38_shape_4330855547456548042""],""segment_ids"":[""env38_shape_4330855547456548042_segment_0023"",""env38_shape_4330855547456548042_segment_0022""],""fragment_ids"":[""env38_topology_fragment_00049"",""env38_topology_fragment_00048""]}"
38,env38_simplified_edge_00039,50.0992472971117,49.90036109018024,1.0039856666883038,0.19888620693146208,0.0018421223371043747,0.009851546208415673,3.926497955116787e-05,1,"{""shape_ids"":[""env38_shape_4330855546755831596""],""segment_ids"":[""env38_shape_4330855546755831596_segment_0001""],""fragment_ids"":[""env38_topology_fragment_00002""]}"
38,env38_simplified_edge_00040,40.82202041714578,39.5726602753799,1.0315712952597014,1.2493601417658766,0.011571814153144956,0.007812606617982136,0.0002466541102842114,2,"{""shape_ids"":[""env38_shape_4330855547524397474"",""env38_shape_4330855547524397474""],""segment_ids"":[""env38_shape_4330855547524397474_segment_0009"",""env38_shape_4330855547524397474_segment_0008""],""fragment_ids"":[""env38_topology_fragment_00084"",""env38_topology_fragment_00083""]}"
38,env38_simplified_edge_00041,49.600372650826465,49.24177269136633,1.007282433995781,0.3585999594601361,0.003321421860259436,0.009721524823770452,7.079636286745671e-05,2,"{""shape_ids"":[""env38_shape_4330855547524397474"",""env38_shape_4330855547524397474""],""segment_ids"":[""env38_shape_4330855547524397474_segment_0009"",""env38_shape_4330855547524397474_segment_0010""],""fragment_ids"":[""env38_topology_fragment_00085"",""env38_topology_fragment_00086""]}"
38,env38_simplified_edge_00042,86.16721543859738,84.4631668865186,1.0201750492539343,1.7040485520787882,0.01578322574363567,0.016675085576793706,0.00033642067282538306,2,"{""shape_ids"":[""env38_shape_4330855546755831596"",""env38_shape_4330855546755831596""],""segment_ids"":[""env38_shape_4330855546755831596_segment_0002"",""env38_shape_4330855546755831596_segment_0003""],""fragment_ids"":[""env38_topology_fragment_00008"",""env38_topology_fragment_00011""]}"
38,env38_simplified_edge_00043,47.76836794585611,46.11577894082166,1.0358356519827008,1.65258900503445,0.015306597512195185,0.009104377548522185,0.0003262613053479561,2,"{""shape_ids"":[""env38_shape_4330855547524397474"",""env38_shape_4330855547524397474""],""segment_ids"":[""env38_shape_4330855547524397474_segment_0008"",""env38_shape_4330855547524397474_segment_0007""],""fragment_ids"":[""env38_topology_fragment_00082"",""env38_topology_fragment_00081""]}"
38,env38_simplified_edge_00044,72.17641466878302,71.6901585142663,1.0067827462596552,0.4862561545167239,0.004503798114559117,0.014153382738365024,9.5998803830113e-05,2,"{""shape_ids"":[""env38_shape_4330855547456548042"",""env38_shape_4330855547456548042""],""segment_ids"":[""env38_shape_4330855547456548042_segment_0028"",""env38_shape_4330855547456548042_segment_0027""],""fragment_ids"":[""env38_topology_fragment_00059"",""env38_topology_fragment_00058""]}"
38,env38_simplified_edge_00045,143.08409062211604,142.85852022884964,1.001578977528992,0.22557039326639483,0.002089276408034866,0.028203750084232385,4.453308761630762e-05,2,"{""shape_ids"":[""env38_shape_4330855547524397474"",""env38_shape_4330855547524397474""],""segment_ids"":[""env38_shape_4330855547524397474_segment_0006"",""env38_shape_4330855547524397474_segment_0005""],""fragment_ids"":[""env38_topology_fragment_00077"",""env38_topology_fragment_00076""]}"
38,env38_simplified_edge_00046,75.51091709251168,75.4950721995693,1.0002098798303085,0.01584489294238267,0.00014675844880610096,0.014904565338467932,3.1281676440613996e-06,2,"{""shape_ids"":[""env38_shape_4330855547524397474"",""env38_shape_4330855547524397474""],""segment_ids"":[""env38_shape_4330855547524397474_segment_0006"",""env38_shape_4330855547524397474_segment_0007""],""fragment_ids"":[""env38_topology_fragment_00078"",""env38_topology_fragment_00079""]}"
38,env38_simplified_edge_00047,83.41214396918215,81.62687439343601,1.0218711005292358,1.7852695757461419,0.016535510501078276,0.01611513238315471,0.0003524556803939198,2,"{""shape_ids"":[""env38_shape_4330855546755831596"",""env38_shape_4330855546755831596""],""segment_ids"":[""env38_shape_4330855546755831596_segment_0001"",""env38_shape_4330855546755831596_segment_0004""],""fragment_ids"":[""env38_topology_fragment_00001"",""env38_topology_fragment_00015""]}"
38,env38_simplified_edge_00048,36.78972735479909,36.78972735468345,1.0000000000031433,1.156408302449563e-10,1.071087632280801e-12,0.007263187903083147,2.283031540951971e-14,1,"{""shape_ids"":[""env38_shape_4330855547524397474""],""segment_ids"":[""env38_shape_4330855547524397474_segment_0007""],""fragment_ids"":[""env38_topology_fragment_00080""]}"
38,env38_simplified_edge_00049,62.9952967548427,61.07842222702535,1.0313838252188707,1.916874527817349,0.017754460903040867,0.012058367630230904,0.00037843770213205434,4,"{""shape_ids"":[""env38_shape_4330855547529842337"",""env38_shape_4330855547529842337"",""env38_shape_4330855547529842337"",""env38_shape_4330855547529842337""],""segment_ids"":[""env38_shape_4330855547529842337_segment_0015"",""env38_shape_4330855547529842337_segment_0016"",""env38_shape_4330855547529842337_segment_0017"",""env38_shape_4330855547529842337_segment_0018""],""fragment_ids"":[""env38_topology_fragment_00131"",""env38_topology_fragment_00132"",""env38_topology_fragment_00133"",""env38_topology_fragment_00134""]}"
38,env38_simplified_edge_00050,36.99638060703486,36.99614711615191,1.0000063112216042,0.0002334908829482174,2.1626375082780724e-06,0.007303940189720144,4.6096785120474773e-08,2,"{""shape_ids"":[""env38_shape_4330855547524397474"",""env38_shape_4330855547524397474""],""segment_ids"":[""env38_shape_4330855547524397474_segment_0005"",""env38_shape_4330855547524397474_segment_0001""],""fragment_ids"":[""env38_topology_fragment_00075"",""env38_topology_fragment_00070""]}"
38,env38_simplified_edge_00051,90.35246281158291,78.89128527066593,1.1452781191432633,11.461177540916978,0.1061556328283632,0.015575060486650697,0.0022627154930431725,4,"{""shape_ids"":[""env38_shape_4330855547524397474"",""env38_shape_4330855547524397474"",""env38_shape_4330855547524397474"",""env38_shape_4330855547524397474""],""segment_ids"":[""env38_shape_4330855547524397474_segment_0020"",""env38_shape_4330855547524397474_segment_0019"",""env38_shape_4330855547524397474_segment_0018"",""env38_shape_4330855547524397474_segment_0017""],""fragment_ids"":[""env38_topology_fragment_00097"",""env38_topology_fragment_00096"",""env38_topology_fragment_00095"",""env38_topology_fragment_00094""]}"
38,env38_simplified_edge_00052,56.78516335219466,54.58791626318196,1.0402515288991656,2.1972470890126985,0.02035132554065297,0.01077698372795322,0.00043379007197154605,3,"{""shape_ids"":[""env38_shape_4330855547456548042"",""env38_shape_4330855547456548042"",""env38_shape_4330855547456548042""],""segment_ids"":[""env38_shape_4330855547456548042_segment_0022"",""env38_shape_4330855547456548042_segment_0021"",""env38_shape_4330855547456548042_segment_0020""],""fragment_ids"":[""env38_topology_fragment_00047"",""env38_topology_fragment_00046"",""env38_topology_fragment_00045""]}"
38,env38_simplified_edge_00053,38.783235697277206,38.7832356973003,0.9999999999994046,-2.3092638912203256e-11,-2.13888467275736e-13,0.007656754986067979,-4.559049160119143e-15,1,"{""shape_ids"":[""env38_shape_4330855547524397474""],""segment_ids"":[""env38_shape_4330855547524397474_segment_0029""],""fragment_ids"":[""env38_topology_fragment_00108""]}"
38,env38_simplified_edge_00054,82.75906052733909,82.75906052733909,1.0,0.0,0.0,0.016338653491439207,0.0,1,"{""shape_ids"":[""env38_shape_4330855547524397474""],""segment_ids"":[""env38_shape_4330855547524397474_segment_0002""],""fragment_ids"":[""env38_topology_fragment_00071""]}"
38,env38_simplified_edge_00055,60.0430577435329,59.98309379104935,1.0009996808882922,0.059963952483549576,0.0005553976718409528,0.011842123128895368,1.1838344168759533e-05,2,"{""shape_ids"":[""env38_shape_4330855547524397474"",""env38_shape_4330855547524397474""],""segment_ids"":[""env38_shape_4330855547524397474_segment_0030"",""env38_shape_4330855547524397474_segment_0029""],""fragment_ids"":[""env38_topology_fragment_00110"",""env38_topology_fragment_00109""]}"
38,env38_simplified_edge_00056,126.45015224258502,126.44594443509993,1.0000332775203182,0.004207807485087756,3.8973522991397295e-05,0.02496350802387847,8.30723645477124e-07,2,"{""shape_ids"":[""env38_shape_4330855547829185599"",""env38_shape_4330855547829185599""],""segment_ids"":[""env38_shape_4330855547829185599_segment_0001"",""env38_shape_4330855547829185599_segment_0002""],""fragment_ids"":[""env38_topology_fragment_00145"",""env38_topology_fragment_00147""]}"
38,env38_simplified_edge_00057,34.743126567261726,33.85455050296581,1.0262468723139029,0.8885760642959184,0.008230162571403871,0.006683712529501958,0.0001754265493446704,2,"{""shape_ids"":[""env38_shape_4330855547456548042"",""env38_shape_4330855547456548042""],""segment_ids"":[""env38_shape_4330855547456548042_segment_0010"",""env38_shape_4330855547456548042_segment_0009""],""fragment_ids"":[""env38_topology_fragment_00030"",""env38_topology_fragment_00029""]}"
38,env38_simplified_edge_00058,45.8386627240515,45.57275744412007,1.0058347419564742,0.265905279931431,0.0024628658933823415,0.008997171884073165,5.249617628161205e-05,2,"{""shape_ids"":[""env38_shape_4330855547456548042"",""env38_shape_4330855547456548042""],""segment_ids"":[""env38_shape_4330855547456548042_segment_0010"",""env38_shape_4330855547456548042_segment_0011""],""fragment_ids"":[""env38_topology_fragment_00031"",""env38_topology_fragment_00032""]}"
38,env38_simplified_edge_00059,37.49725992221705,37.32934670938491,1.004498155677338,0.1679132128321399,0.001555244503001855,0.00736972190186904,3.315015641329474e-05,2,"{""shape_ids"":[""env38_shape_4330855547456548042"",""env38_shape_4330855547456548042""],""segment_ids"":[""env38_shape_4330855547456548042_segment_0020"",""env38_shape_4330855547456548042_segment_0019""],""fragment_ids"":[""env38_topology_fragment_00044"",""env38_topology_fragment_00043""]}"
38,env38_simplified_edge_00060,50.75530305691636,44.233268453687856,1.1474463640428711,6.522034603228505,0.06040834008220167,0.008732724144685887,0.0012876084233233254,4,"{""shape_ids"":[""env38_shape_4330855547529842337"",""env38_shape_4330855547529842337"",""env38_shape_4330855547529842337"",""env38_shape_4330855547529842337""],""segment_ids"":[""env38_shape_4330855547529842337_segment_0018"",""env38_shape_4330855547529842337_segment_0020"",""env38_shape_4330855547529842337_segment_0021"",""env38_shape_4330855547529842337_segment_0022""],""fragment_ids"":[""env38_topology_fragment_00135"",""env38_topology_fragment_00137"",""env38_topology_fragment_00138"",""env38_topology_fragment_00139""]}"
38,env38_simplified_edge_00061,63.180290619222305,61.44907949438279,1.0281731010307122,1.7312111248395183,0.01603481072173828,0.0121315443992378,0.0003417832260182986,3,"{""shape_ids"":[""env38_shape_4330855547456548042"",""env38_shape_4330855547456548042"",""env38_shape_4330855547456548042""],""segment_ids"":[""env38_shape_4330855547456548042_segment_0009"",""env38_shape_4330855547456548042_segment_0008"",""env38_shape_4330855547456548042_segment_0007""],""fragment_ids"":[""env38_topology_fragment_00028"",""env38_topology_fragment_00027"",""env38_topology_fragment_00026""]}"
38,env38_simplified_edge_00062,1.0776962174517681,1.0776962174518085,0.9999999999999625,-4.04121180963557e-14,-3.74304817732538e-16,0.00021276347210542657,-7.9783360302085e-18,1,"{""shape_ids"":[""env38_shape_4330855547456548042""],""segment_ids"":[""env38_shape_4330855547456548042_segment_0012""],""fragment_ids"":[""env38_topology_fragment_00033""]}"
38,env38_simplified_edge_00063,41.67665603089947,41.31651842194426,1.0087165526697413,0.3601376089552133,0.0033356638659028694,0.008156886674007253,7.109993231509504e-05,1,"{""shape_ids"":[""env38_shape_4330855546755831596""],""segment_ids"":[""env38_shape_4330855546755831596_segment_0003""],""fragment_ids"":[""env38_topology_fragment_00010""]}"
38,env38_simplified_edge_00064,76.31993266554773,73.48808051377843,1.0385348498963496,2.831852151769297,0.02622915980266546,0.014508336315260209,0.0005590765621543083,3,"{""shape_ids"":[""env38_shape_4330855547456548042"",""env38_shape_4330855547456548042"",""env38_shape_4330855547456548042""],""segment_ids"":[""env38_shape_4330855547456548042_segment_0012"",""env38_shape_4330855547456548042_segment_0013"",""env38_shape_4330855547456548042_segment_0014""],""fragment_ids"":[""env38_topology_fragment_00034"",""env38_topology_fragment_00035"",""env38_topology_fragment_00036""]}"
38,env38_simplified_edge_00065,143.91238565526908,138.0934408871462,1.0421377346435903,5.81894476812289,0.05389618667437176,0.027263007406304218,0.0011488013716730843,3,"{""shape_ids"":[""env38_shape_4330855547524397474"",""env38_shape_4330855547524397474"",""env38_shape_4330855547524397474""],""segment_ids"":[""env38_shape_4330855547524397474_segment_0014"",""env38_shape_4330855547524397474_segment_0015"",""env38_shape_4330855547524397474_segment_0016""],""fragment_ids"":[""env38_topology_fragment_00090"",""env38_topology_fragment_00091"",""env38_topology_fragment_00092""]}"
38,env38_simplified_edge_00066,83.34757158866859,78.72789320636342,1.058679055086562,4.6196783823051675,0.04278835053259966,0.015542802915034017,0.0009120369884508572,3,"{""shape_ids"":[""env38_shape_4330855547524397474"",""env38_shape_4330855547524397474"",""env38_shape_4330855547524397474""],""segment_ids"":[""env38_shape_4330855547524397474_segment_0013"",""env38_shape_4330855547524397474_segment_0012"",""env38_shape_4330855547524397474_segment_0011""],""fragment_ids"":[""env38_topology_fragment_00089"",""env38_topology_fragment_00088"",""env38_topology_fragment_00087""]}"
38,env38_simplified_edge_00067,1.7572326348784184,1.757232634878411,1.0000000000000042,7.327471962526033e-15,6.786845596249315e-17,0.00034692050564835226,1.446621368114728e-18,1,"{""shape_ids"":[""env38_shape_4330855547524397474""],""segment_ids"":[""env38_shape_4330855547524397474_segment_0016""],""fragment_ids"":[""env38_topology_fragment_00093""]}"
38,env38_simplified_edge_00068,1.6083989361298638,1.6083989361300226,0.9999999999999013,-1.5876189252139739e-13,-1.470483212520685e-15,0.0003175371098460781,-3.134346297581911e-17,1,"{""shape_ids"":[""env38_shape_4330855546755831596""],""segment_ids"":[""env38_shape_4330855546755831596_segment_0004""],""fragment_ids"":[""env38_topology_fragment_00014""]}"
38,env38_simplified_edge_00069,61.5956262948304,59.27812953667144,1.0390953084429777,2.31749675815896,0.021465101126106587,0.011702946021244097,0.00045753028439205726,3,"{""shape_ids"":[""env38_shape_4330855547456548042"",""env38_shape_4330855547456548042"",""env38_shape_4330855547456548042""],""segment_ids"":[""env38_shape_4330855547456548042_segment_0007"",""env38_shape_4330855547456548042_segment_0006"",""env38_shape_4330855547456548042_segment_0005""],""fragment_ids"":[""env38_topology_fragment_00025"",""env38_topology_fragment_00024"",""env38_topology_fragment_00023""]}"
38,env38_simplified_edge_00070,38.00336890726708,37.78445674677205,1.0057937093541442,0.21891216049503015,0.0020276065742992466,0.007459571703860062,4.3218590358563425e-05,1,"{""shape_ids"":[""env38_shape_4330855546755831596""],""segment_ids"":[""env38_shape_4330855546755831596_segment_0004""],""fragment_ids"":[""env38_topology_fragment_00013""]}"
38,env38_simplified_edge_00071,49.792918220070135,49.423107972031254,1.0074825372829277,0.3698102480388812,0.0034252537112203665,0.0097573248231624,7.300954677094782e-05,2,"{""shape_ids"":[""env38_shape_4330855547524397474"",""env38_shape_4330855547524397474""],""segment_ids"":[""env38_shape_4330855547524397474_segment_0003"",""env38_shape_4330855547524397474_segment_0004""],""fragment_ids"":[""env38_topology_fragment_00072"",""env38_topology_fragment_00073""]}"
38,env38_simplified_edge_00072,77.05189196268117,74.3395300482979,1.0364861321106156,2.7123619143832656,0.025122418220376818,0.014676433183703578,0.0005354862800532296,2,"{""shape_ids"":[""env38_shape_4330855546755831596"",""env38_shape_4330855546755831596""],""segment_ids"":[""env38_shape_4330855546755831596_segment_0003"",""env38_shape_4330855546755831596_segment_0004""],""fragment_ids"":[""env38_topology_fragment_00009"",""env38_topology_fragment_00012""]}"
38,env38_simplified_edge_00073,35.84061284063316,35.8216564382443,1.0005291883255467,0.018956402388866422,0.0001755778483105332,0.007072067134456076,3.742455365037204e-06,3,"{""shape_ids"":[""env38_shape_4330855547456548042"",""env38_shape_4330855547456548042"",""env38_shape_4330855547456548042""],""segment_ids"":[""env38_shape_4330855547456548042_segment_0019"",""env38_shape_4330855547456548042_segment_0018"",""env38_shape_4330855547456548042_segment_0017""],""fragment_ids"":[""env38_topology_fragment_00042"",""env38_topology_fragment_00041"",""env38_topology_fragment_00040""]}"
38,env38_simplified_edge_00074,31.507386939702087,31.436045493778785,1.0022694154052367,0.07134144592330216,0.0006607782064139174,0.006206240757098705,1.4084538382767453e-05,1,"{""shape_ids"":[""env38_shape_4330855547529842337""],""segment_ids"":[""env38_shape_4330855547529842337_segment_0022""],""fragment_ids"":[""env38_topology_fragment_00140""]}"
38,env38_simplified_edge_00075,134.27643628264923,134.27643628264923,1.0,0.0,0.0,0.02650943776437357,0.0,1,"{""shape_ids"":[""env38_shape_4330855547456548042""],""segment_ids"":[""env38_shape_4330855547456548042_segment_0001""],""fragment_ids"":[""env38_topology_fragment_00016""]}"
38,env38_simplified_edge_00076,178.826058952312,178.77546075563495,1.0002830265208837,0.05059819667704346,0.0004686502385160496,0.03529462861765794,9.989315943537143e-06,2,"{""shape_ids"":[""env38_shape_4330855547456548042"",""env38_shape_4330855547456548042""],""segment_ids"":[""env38_shape_4330855547456548042_segment_0002"",""env38_shape_4330855547456548042_segment_0003""],""fragment_ids"":[""env38_topology_fragment_00017"",""env38_topology_fragment_00018""]}"
38,env38_simplified_edge_00077,70.5284962598805,70.52849625988249,0.9999999999999718,-1.9895196601282805e-12,-1.8427314103755717e-14,0.013924042326239498,-3.9277961994872617e-16,1,"{""shape_ids"":[""env38_shape_4330855547456548042""],""segment_ids"":[""env38_shape_4330855547456548042_segment_0004""],""fragment_ids"":[""env38_topology_fragment_00021""]}"
38,env38_simplified_edge_00078,49.91529546418303,49.72166425504055,1.0038943026554636,0.193631209142481,0.0017934495359188602,0.009816267102408908,3.822751504365237e-05,2,"{""shape_ids"":[""env38_shape_4330855547456548042"",""env38_shape_4330855547456548042""],""segment_ids"":[""env38_shape_4330855547456548042_segment_0015"",""env38_shape_4330855547456548042_segment_0016""],""fragment_ids"":[""env38_topology_fragment_00038"",""env38_topology_fragment_00039""]}"
38,env38_simplified_edge_00079,0.4413891758814781,0.44138917588255283,0.9999999999975651,-1.0747513989883828e-12,-9.954554362801742e-15,8.714096986679291e-05,-2.1218209324294888e-16,1,"{""shape_ids"":[""env38_shape_4330855547456548042""],""segment_ids"":[""env38_shape_4330855547456548042_segment_0014""],""fragment_ids"":[""env38_topology_fragment_00037""]}"
38,env38_simplified_edge_00080,44.80329167439527,44.80329167439328,1.0000000000000444,1.9895196601282805e-12,1.8427314103755717e-14,0.008845260606867009,3.9277961994872617e-16,1,"{""shape_ids"":[""env38_shape_4330855547456548042""],""segment_ids"":[""env38_shape_4330855547456548042_segment_0004""],""fragment_ids"":[""env38_topology_fragment_00022""]}"
38,env38_simplified_edge_00081,58.66341372700983,58.66341372700487,1.0000000000000846,4.959588295605499e-12,4.593666158721961e-14,0.011581586153866993,9.79143481157896e-16,1,"{""shape_ids"":[""env38_shape_4330855547456548042""],""segment_ids"":[""env38_shape_4330855547456548042_segment_0003""],""fragment_ids"":[""env38_topology_fragment_00020""]}"
38,env38_simplified_edge_00082,40.97263719813388,40.972637198138585,0.9999999999998852,-4.703792910731863e-12,-4.35674354881653e-14,0.008088996147916555,-9.286432443073455e-16,1,"{""shape_ids"":[""env38_shape_4330855547456548042""],""segment_ids"":[""env38_shape_4330855547456548042_segment_0003""],""fragment_ids"":[""env38_topology_fragment_00019""]}"
38,env38_simplified_edge_00083,38.799082940213296,38.79908294021314,1.000000000000004,1.5631940186722204e-13,1.4478603938665206e-15,0.007659883617653423,3.08612558531142e-17,1,"{""shape_ids"":[""env38_shape_4330855547829185599""],""segment_ids"":[""env38_shape_4330855547829185599_segment_0002""],""fragment_ids"":[""env38_topology_fragment_00146""]}"
38,env38_simplified_edge_00084,37.996254619622036,37.99625461962198,1.0000000000000016,5.684341886080802e-14,5.264946886787347e-16,0.007501385760625191,1.122227485567789e-17,1,"{""shape_ids"":[""env38_shape_4330855547524397474""],""segment_ids"":[""env38_shape_4330855547524397474_segment_0004""],""fragment_ids"":[""env38_topology_fragment_00074""]}"
39,env39_simplified_edge_00001,37.91824594955883,37.91824595551482,0.9999999998429255,-5.955989479389245e-09,-5.2189332697061094e-11,0.007747618196799577,-1.2169532452687642e-12,1,"{""shape_ids"":[""env39_shape_3305298596651482022""],""segment_ids"":[""env39_shape_3305298596651482022_segment_0004""],""fragment_ids"":[""env39_topology_fragment_00014""]}"
39,env39_simplified_edge_00002,0.09984333824298665,0.09984333819449714,1.000000000485656,4.84895040786526e-11,4.248890750115637e-13,2.0400417907843535e-05,9.907582871694455e-15,1,"{""shape_ids"":[""env39_shape_3305298596651482022""],""segment_ids"":[""env39_shape_3305298596651482022_segment_0006""],""fragment_ids"":[""env39_topology_fragment_00017""]}"
39,env39_simplified_edge_00003,111.19478172843165,111.1947817284801,0.9999999999995643,-4.844480372412363e-11,-4.244973883435026e-13,0.02271979340287585,-9.898449504065627e-15,1,"{""shape_ids"":[""env39_shape_3305298596651482022""],""segment_ids"":[""env39_shape_3305298596651482022_segment_0006""],""fragment_ids"":[""env39_topology_fragment_00016""]}"
39,env39_simplified_edge_00004,32.395754920915905,32.395754914959944,1.00000000018385,5.955961057679815e-09,5.2189083651952064e-11,0.006619239206704367,1.2169474380235287e-12,1,"{""shape_ids"":[""env39_shape_3305298596651482022""],""segment_ids"":[""env39_shape_3305298596651482022_segment_0004""],""fragment_ids"":[""env39_topology_fragment_00013""]}"
39,env39_simplified_edge_00005,109.44731035501,109.44731035501191,0.9999999999999826,-1.9042545318370685e-12,-1.6686022305083413e-14,0.022362742577598963,-3.8908543078462715e-16,1,"{""shape_ids"":[""env39_shape_3305298596651482022""],""segment_ids"":[""env39_shape_3305298596651482022_segment_0007""],""fragment_ids"":[""env39_topology_fragment_00018""]}"
39,env39_simplified_edge_00006,33.264611312352606,33.264611312350816,1.0000000000000537,1.7905676941154525e-12,1.5689841868959028e-14,0.006796767662074603,3.658564498422614e-16,1,"{""shape_ids"":[""env39_shape_3305298596651482022""],""segment_ids"":[""env39_shape_3305298596651482022_segment_0001""],""fragment_ids"":[""env39_topology_fragment_00001""]}"
39,env39_simplified_edge_00007,167.42834546122702,167.42761806838874,1.0000043445212128,0.000727392838285823,6.373776678103063e-06,0.03420952704181716,1.4862401590876592e-07,1,"{""shape_ids"":[""env39_shape_3305298596651482022""],""segment_ids"":[""env39_shape_3305298596651482022_segment_0007""],""fragment_ids"":[""env39_topology_fragment_00019""]}"
39,env39_simplified_edge_00008,0.0573219415371643,0.05732194153715889,1.0000000000000944,5.412337245047638e-15,4.742558228619498e-17,1.1712264271142602e-05,1.1058718954495437e-18,1,"{""shape_ids"":[""env39_shape_3305298596651482022""],""segment_ids"":[""env39_shape_3305298596651482022_segment_0024""],""fragment_ids"":[""env39_topology_fragment_00056""]}"
39,env39_simplified_edge_00009,34.982383943055744,34.98238394305575,0.9999999999999998,-7.105427357601002e-15,-6.226127725777393e-17,0.007147750313203228,-1.4518113088978626e-18,1,"{""shape_ids"":[""env39_shape_3305298596651482022""],""segment_ids"":[""env39_shape_3305298596651482022_segment_0024""],""fragment_ids"":[""env39_topology_fragment_00055""]}"
39,env39_simplified_edge_00010,145.2018623357245,145.20126315307687,1.000004126566358,0.0005991826476474671,5.250335423289945e-06,0.029668143139396662,1.2242756137945508e-07,1,"{""shape_ids"":[""env39_shape_3305298596651482022""],""segment_ids"":[""env39_shape_3305298596651482022_segment_0022""],""fragment_ids"":[""env39_topology_fragment_00051""]}"
39,env39_simplified_edge_00011,111.11375986139662,111.11375986139667,0.9999999999999994,-5.684341886080802e-14,-4.980902180621914e-16,0.022703238668448242,-1.16144904711829e-17,1,"{""shape_ids"":[""env39_shape_3305298596651482022""],""segment_ids"":[""env39_shape_3305298596651482022_segment_0022""],""fragment_ids"":[""env39_topology_fragment_00050""]}"
39,env39_simplified_edge_00012,79.00147520265287,79.0014752026528,1.0000000000000009,7.105427357601002e-14,6.226127725777393e-16,0.016141919316947296,1.4518113088978627e-17,1,"{""shape_ids"":[""env39_shape_3305298596651482022""],""segment_ids"":[""env39_shape_3305298596651482022_segment_0004""],""fragment_ids"":[""env39_topology_fragment_00012""]}"
39,env39_simplified_edge_00013,109.44832264160264,109.44832264160257,1.0000000000000007,7.105427357601002e-14,6.226127725777393e-16,0.0223629494123249,1.4518113088978627e-17,1,"{""shape_ids"":[""env39_shape_3305298596651482022""],""segment_ids"":[""env39_shape_3305298596651482022_segment_0022""],""fragment_ids"":[""env39_topology_fragment_00049""]}"
39,env39_simplified_edge_00014,190.76526100225658,190.76526100614245,0.9999999999796301,-3.885872956743697e-09,-3.4049945396949463e-11,0.03897797406616203,-7.939781831005343e-13,1,"{""shape_ids"":[""env39_shape_3305298596651482022""],""segment_ids"":[""env39_shape_3305298596651482022_segment_0001""],""fragment_ids"":[""env39_topology_fragment_00002""]}"
39,env39_simplified_edge_00015,298.747810146568,219.93951020236364,1.358318066052315,78.80829994420435,0.6905573959307301,0.04493898144545339,0.01610244892189573,2,"{""shape_ids"":[""env39_shape_3305298596651482022"",""env39_shape_3305298596651482022""],""segment_ids"":[""env39_shape_3305298596651482022_segment_0021"",""env39_shape_3305298596651482022_segment_0020""],""fragment_ids"":[""env39_topology_fragment_00048"",""env39_topology_fragment_00047""]}"
39,env39_simplified_edge_00016,189.70579480565237,189.70579480565178,1.000000000000003,5.968558980384842e-13,5.2299472896530095e-15,0.03876149940054998,1.2195214994742045e-16,1,"{""shape_ids"":[""env39_shape_3305298596651482022""],""segment_ids"":[""env39_shape_3305298596651482022_segment_0023""],""fragment_ids"":[""env39_topology_fragment_00052""]}"
39,env39_simplified_edge_00017,154.01478561291103,118.70256861915004,1.2974848598858721,35.312216993760984,0.30942315249811153,0.024253816532534566,0.007215143212878697,2,"{""shape_ids"":[""env39_shape_3305298596651482022"",""env39_shape_3305298596651482022""],""segment_ids"":[""env39_shape_3305298596651482022_segment_0025"",""env39_shape_3305298596651482022_segment_0017""],""fragment_ids"":[""env39_topology_fragment_00057"",""env39_topology_fragment_00043""]}"
39,env39_simplified_edge_00018,43.48008809081695,43.480088090816956,0.9999999999999999,-7.105427357601002e-15,-6.226127725777393e-17,0.008884037570885267,-1.4518113088978626e-18,1,"{""shape_ids"":[""env39_shape_3305298596651482022""],""segment_ids"":[""env39_shape_3305298596651482022_segment_0026""],""fragment_ids"":[""env39_topology_fragment_00058""]}"
39,env39_simplified_edge_00019,52.78787015298836,52.78787015298896,0.9999999999999887,-5.968558980384842e-13,-5.2299472896530095e-15,0.010785843412888895,-1.2195214994742045e-16,1,"{""shape_ids"":[""env39_shape_3305298596651482022""],""segment_ids"":[""env39_shape_3305298596651482022_segment_0028""],""fragment_ids"":[""env39_topology_fragment_00061""]}"
39,env39_simplified_edge_00020,53.40163937390831,53.40163937390831,1.0,0.0,0.0,0.010911251365308664,0.0,1,"{""shape_ids"":[""env39_shape_3305298596651482022""],""segment_ids"":[""env39_shape_3305298596651482022_segment_0026""],""fragment_ids"":[""env39_topology_fragment_00059""]}"
39,env39_simplified_edge_00021,52.5334311677211,52.53343117111265,0.9999999999354401,-3.3915554809027526e-09,-2.971849059940339e-11,0.010733855351830567,-6.929771221518188e-13,1,"{""shape_ids"":[""env39_shape_3305298596651482022""],""segment_ids"":[""env39_shape_3305298596651482022_segment_0004""],""fragment_ids"":[""env39_topology_fragment_00011""]}"
39,env39_simplified_edge_00022,54.03822856318028,54.03822856318028,1.0,0.0,0.0,0.011041321991267354,0.0,1,"{""shape_ids"":[""env39_shape_3305298596651482022""],""segment_ids"":[""env39_shape_3305298596651482022_segment_0027""],""fragment_ids"":[""env39_topology_fragment_00060""]}"
39,env39_simplified_edge_00023,52.22403226391193,52.22403226391193,1.0,0.0,0.0,0.010670637643756451,0.0,1,"{""shape_ids"":[""env39_shape_3305298596651482022""],""segment_ids"":[""env39_shape_3305298596651482022_segment_0029""],""fragment_ids"":[""env39_topology_fragment_00065""]}"
39,env39_simplified_edge_00024,40.96887363644802,40.968873636448016,1.0000000000000002,7.105427357601002e-15,6.226127725777393e-17,0.008370935492651999,1.4518113088978626e-18,1,"{""shape_ids"":[""env39_shape_3305298596651482022""],""segment_ids"":[""env39_shape_3305298596651482022_segment_0031""],""fragment_ids"":[""env39_topology_fragment_00071""]}"
39,env39_simplified_edge_00025,43.77641708440763,43.776417084367715,1.000000000000912,3.991829089500243e-11,3.497838556341739e-13,0.008944584778300046,8.156275933388192e-15,1,"{""shape_ids"":[""env39_shape_3305298596651482022""],""segment_ids"":[""env39_shape_3305298596651482022_segment_0031""],""fragment_ids"":[""env39_topology_fragment_00070""]}"
39,env39_simplified_edge_00026,59.169609215932006,59.16960921593142,1.0000000000000098,5.826450433232822e-13,5.105424735137462e-15,0.012089787634076919,1.1904852732962473e-16,1,"{""shape_ids"":[""env39_shape_3305298596651482022""],""segment_ids"":[""env39_shape_3305298596651482022_segment_0028""],""fragment_ids"":[""env39_topology_fragment_00062""]}"
39,env39_simplified_edge_00027,53.811604714116264,53.811604714156154,0.9999999999992587,-3.9889869185572024e-11,-3.495348105251428e-13,0.010995017237123716,-8.150468688152601e-15,1,"{""shape_ids"":[""env39_shape_3305298596651482022""],""segment_ids"":[""env39_shape_3305298596651482022_segment_0031""],""fragment_ids"":[""env39_topology_fragment_00069""]}"
39,env39_simplified_edge_00028,59.32054131019549,59.32054130843801,1.0000000000296267,1.7574777189111046e-09,1.5399891100769577e-11,0.012120626724781614,3.59095364576724e-13,1,"{""shape_ids"":[""env39_shape_3305298596651482022""],""segment_ids"":[""env39_shape_3305298596651482022_segment_0004""],""fragment_ids"":[""env39_topology_fragment_00010""]}"
39,env39_simplified_edge_00029,55.4426202529214,55.4426202529214,1.0,0.0,0.0,0.011328273308151513,0.0,1,"{""shape_ids"":[""env39_shape_3305298596651482022""],""segment_ids"":[""env39_shape_3305298596651482022_segment_0032""],""fragment_ids"":[""env39_topology_fragment_00072""]}"
39,env39_simplified_edge_00030,59.50328697050086,59.503286970500916,0.999999999999999,-5.684341886080802e-14,-4.980902180621914e-16,0.012157966100090425,-1.16144904711829e-17,1,"{""shape_ids"":[""env39_shape_3305298596651482022""],""segment_ids"":[""env39_shape_3305298596651482022_segment_0030""],""fragment_ids"":[""env39_topology_fragment_00066""]}"
39,env39_simplified_edge_00031,56.35887288919129,56.358872889192426,0.9999999999999798,-1.1368683772161603e-12,-9.961804361243828e-15,0.011515485965771994,-2.3228980942365803e-16,1,"{""shape_ids"":[""env39_shape_3305298596651482022""],""segment_ids"":[""env39_shape_3305298596651482022_segment_0014""],""fragment_ids"":[""env39_topology_fragment_00038""]}"
39,env39_simplified_edge_00032,41.215418339150695,41.21541833914569,1.0000000000001215,5.002220859751105e-12,4.383193918947284e-14,0.008421310560823295,1.0220751614640952e-15,1,"{""shape_ids"":[""env39_shape_3305298596651482022""],""segment_ids"":[""env39_shape_3305298596651482022_segment_0014""],""fragment_ids"":[""env39_topology_fragment_00037""]}"
39,env39_simplified_edge_00033,58.29566104264885,58.29566104264886,0.9999999999999999,-7.105427357601002e-15,-6.226127725777393e-17,0.01191121880527805,-1.4518113088978626e-18,1,"{""shape_ids"":[""env39_shape_3305298596651482022""],""segment_ids"":[""env39_shape_3305298596651482022_segment_0017""],""fragment_ids"":[""env39_topology_fragment_00042""]}"
39,env39_simplified_edge_00034,43.74955240068559,43.74955240066452,1.0000000000004816,2.106759211528697e-11,1.846046870692997e-13,0.008939095671220719,4.304620530882163e-15,1,"{""shape_ids"":[""env39_shape_3305298596651482022""],""segment_ids"":[""env39_shape_3305298596651482022_segment_0014""],""fragment_ids"":[""env39_topology_fragment_00036""]}"
39,env39_simplified_edge_00035,58.47914303771631,58.47914303771635,0.9999999999999994,-3.552713678800501e-14,-3.1130638628886963e-16,0.011948708631295785,-7.259056544489314e-18,1,"{""shape_ids"":[""env39_shape_3305298596651482022""],""segment_ids"":[""env39_shape_3305298596651482022_segment_0028""],""fragment_ids"":[""env39_topology_fragment_00063""]}"
39,env39_simplified_edge_00036,53.56163259249255,53.561632592515636,0.999999999999569,-2.3085533484845655e-11,-2.022868898105075e-13,0.01094394186405433,-4.716934942609156e-15,1,"{""shape_ids"":[""env39_shape_3305298596651482022""],""segment_ids"":[""env39_shape_3305298596651482022_segment_0014""],""fragment_ids"":[""env39_topology_fragment_00035""]}"
39,env39_simplified_edge_00037,58.6564197036583,58.65641970202321,1.0000000000278757,1.635093838103785e-09,1.4327502861281677e-11,0.011984930557591192,3.3408936659226724e-13,1,"{""shape_ids"":[""env39_shape_3305298596651482022""],""segment_ids"":[""env39_shape_3305298596651482022_segment_0004""],""fragment_ids"":[""env39_topology_fragment_00009""]}"
39,env39_simplified_edge_00038,57.01202444483839,57.01202444478108,1.0000000000010052,5.730527163905208e-11,5.021372010839467e-13,0.011648940685256735,1.1708858206261262e-14,1,"{""shape_ids"":[""env39_shape_3305298596651482022""],""segment_ids"":[""env39_shape_3305298596651482022_segment_0014""],""fragment_ids"":[""env39_topology_fragment_00034""]}"
39,env39_simplified_edge_00039,58.88695198158881,58.88695198158882,0.9999999999999998,-1.4210854715202004e-14,-1.2452255451554786e-16,0.012032033898980127,-2.903622617795725e-18,1,"{""shape_ids"":[""env39_shape_3305298596651482022""],""segment_ids"":[""env39_shape_3305298596651482022_segment_0030""],""fragment_ids"":[""env39_topology_fragment_00067""]}"
39,env39_simplified_edge_00040,109.48989555890785,109.48989556226395,0.9999999999693479,-3.3561065038156812e-09,-2.940786908716436e-11,0.022371443769289304,-6.857340355317274e-13,1,"{""shape_ids"":[""env39_shape_3305298596651482022""],""segment_ids"":[""env39_shape_3305298596651482022_segment_0014""],""fragment_ids"":[""env39_topology_fragment_00033""]}"
39,env39_simplified_edge_00041,59.15573571310436,59.15573570921997,1.000000000065664,3.884395027853316e-09,3.403699505127985e-11,0.012086952939846147,7.936762063482835e-13,1,"{""shape_ids"":[""env39_shape_3305298596651482022""],""segment_ids"":[""env39_shape_3305298596651482022_segment_0001""],""fragment_ids"":[""env39_topology_fragment_00003""]}"
39,env39_simplified_edge_00042,69.32091680389706,69.32091680060009,1.000000000047561,3.2969751373457257e-09,2.8889730737825163e-11,0.014163946218747682,6.736520618190794e-13,1,"{""shape_ids"":[""env39_shape_3305298596651482022""],""segment_ids"":[""env39_shape_3305298596651482022_segment_0014""],""fragment_ids"":[""env39_topology_fragment_00032""]}"
39,env39_simplified_edge_00043,59.693328857795834,59.69332885779649,0.999999999999989,-6.536993168992922e-13,-5.728037507715201e-15,0.012196796271346044,-1.3356664041860335e-16,1,"{""shape_ids"":[""env39_shape_3305298596651482022""],""segment_ids"":[""env39_shape_3305298596651482022_segment_0023""],""fragment_ids"":[""env39_topology_fragment_00053""]}"
39,env39_simplified_edge_00044,60.57945337987845,60.57945338005941,0.9999999999970128,-1.8096102394338232e-10,-1.5856702092009864e-12,0.012377853023849018,-3.6974730415010767e-14,1,"{""shape_ids"":[""env39_shape_3305298596651482022""],""segment_ids"":[""env39_shape_3305298596651482022_segment_0016""],""fragment_ids"":[""env39_topology_fragment_00041""]}"
39,env39_simplified_edge_00045,40.23520088282489,40.23520088264393,1.0000000000044975,1.8096102394338232e-10,1.5856702092009864e-12,0.008221028337544211,3.6974730415010767e-14,1,"{""shape_ids"":[""env39_shape_3305298596651482022""],""segment_ids"":[""env39_shape_3305298596651482022_segment_0016""],""fragment_ids"":[""env39_topology_fragment_00040""]}"
39,env39_simplified_edge_00046,122.28988253982047,122.289882539821,0.9999999999999957,-5.258016244624741e-13,-4.6073345170752704e-15,0.024986791856393936,-1.0743403685844182e-16,1,"{""shape_ids"":[""env39_shape_3305298596651482022""],""segment_ids"":[""env39_shape_3305298596651482022_segment_0020""],""fragment_ids"":[""env39_topology_fragment_00046""]}"
39,env39_simplified_edge_00047,60.04170190320333,60.04170190320333,1.0,0.0,0.0,0.012267977342037844,0.0,1,"{""shape_ids"":[""env39_shape_3305298596651482022""],""segment_ids"":[""env39_shape_3305298596651482022_segment_0013""],""fragment_ids"":[""env39_topology_fragment_00031""]}"
39,env39_simplified_edge_00048,64.54943823929432,64.54943823929432,1.0,0.0,0.0,0.013189017310628316,0.0,1,"{""shape_ids"":[""env39_shape_3305298596651482022""],""segment_ids"":[""env39_shape_3305298596651482022_segment_0015""],""fragment_ids"":[""env39_topology_fragment_00039""]}"
39,env39_simplified_edge_00049,41.724599674083706,41.724599674082455,1.00000000000003,1.2505552149377763e-12,1.095798479736821e-14,0.00852534866903787,2.555187903660238e-16,1,"{""shape_ids"":[""env39_shape_3305298596651482022""],""segment_ids"":[""env39_shape_3305298596651482022_segment_0011""],""fragment_ids"":[""env39_topology_fragment_00023""]}"
39,env39_simplified_edge_00050,63.36253300000004,63.36253300000004,1.0,0.0,0.0,0.012946503755528183,0.0,1,"{""shape_ids"":[""env39_shape_3305298596651482022""],""segment_ids"":[""env39_shape_3305298596651482022_segment_0010""],""fragment_ids"":[""env39_topology_fragment_00022""]}"
39,env39_simplified_edge_00051,0.24581908495658786,0.2458190849565149,1.0000000000002969,7.296940829348841e-14,6.393941324636236e-16,5.022680685082491e-05,1.4909421605830004e-17,1,"{""shape_ids"":[""env39_shape_3305298596651482022""],""segment_ids"":[""env39_shape_3305298596651482022_segment_0028""],""fragment_ids"":[""env39_topology_fragment_00064""]}"
39,env39_simplified_edge_00052,43.34467363883803,43.34467363883935,0.9999999999999695,-1.3216094885137863e-12,-1.158059756994595e-14,0.008856369110865198,-2.700369034550024e-16,1,"{""shape_ids"":[""env39_shape_3305298596651482022""],""segment_ids"":[""env39_shape_3305298596651482022_segment_0011""],""fragment_ids"":[""env39_topology_fragment_00024""]}"
39,env39_simplified_edge_00053,53.140874326871014,53.14087432687102,0.9999999999999999,-7.105427357601002e-15,-6.226127725777393e-17,0.010857970735558923,-1.4518113088978626e-18,1,"{""shape_ids"":[""env39_shape_3305298596651482022""],""segment_ids"":[""env39_shape_3305298596651482022_segment_0011""],""fragment_ids"":[""env39_topology_fragment_00025""]}"
39,env39_simplified_edge_00054,62.817553548400454,62.817553548401534,0.9999999999999828,-1.0800249583553523e-12,-9.463714143181637e-15,0.012835151223002286,-2.206753189524751e-16,1,"{""shape_ids"":[""env39_shape_3305298596651482022""],""segment_ids"":[""env39_shape_3305298596651482022_segment_0004""],""fragment_ids"":[""env39_topology_fragment_00008""]}"
39,env39_simplified_edge_00055,57.27569982386201,57.27569982386194,1.0000000000000013,7.105427357601002e-14,6.226127725777393e-16,0.011702815966497632,1.4518113088978627e-17,1,"{""shape_ids"":[""env39_shape_3305298596651482022""],""segment_ids"":[""env39_shape_3305298596651482022_segment_0011""],""fragment_ids"":[""env39_topology_fragment_00026""]}"
39,env39_simplified_edge_00056,61.72463951320012,61.72463951320006,1.0000000000000009,5.684341886080802e-14,4.980902180621914e-16,0.012611842352739709,1.16144904711829e-17,1,"{""shape_ids"":[""env39_shape_3305298596651482022""],""segment_ids"":[""env39_shape_3305298596651482022_segment_0030""],""fragment_ids"":[""env39_topology_fragment_00068""]}"
39,env39_simplified_edge_00057,109.5192687666896,109.51926876668955,1.0000000000000004,5.684341886080802e-14,4.980902180621914e-16,0.02237744542805203,1.16144904711829e-17,1,"{""shape_ids"":[""env39_shape_3305298596651482022""],""segment_ids"":[""env39_shape_3305298596651482022_segment_0011""],""fragment_ids"":[""env39_topology_fragment_00027""]}"
39,env39_simplified_edge_00058,63.281040420872706,63.28104042087305,0.9999999999999946,-3.410605131648481e-13,-2.9885413083731483e-15,0.012929852843202515,-6.96869428270974e-17,1,"{""shape_ids"":[""env39_shape_3305298596651482022""],""segment_ids"":[""env39_shape_3305298596651482022_segment_0001""],""fragment_ids"":[""env39_topology_fragment_00004""]}"
39,env39_simplified_edge_00059,1.1229403375807883,1.1229403375807314,1.0000000000000506,5.684341886080802e-14,4.980902180621914e-16,0.00022944397279261257,1.16144904711829e-17,1,"{""shape_ids"":[""env39_shape_3305298596651482022""],""segment_ids"":[""env39_shape_3305298596651482022_segment_0023""],""fragment_ids"":[""env39_topology_fragment_00054""]}"
39,env39_simplified_edge_00060,68.47634360838838,68.47634360838842,0.9999999999999993,-4.263256414560601e-14,-3.7356766354664354e-16,0.013991379411723305,-8.710867853387175e-18,1,"{""shape_ids"":[""env39_shape_3305298596651482022""],""segment_ids"":[""env39_shape_3305298596651482022_segment_0011""],""fragment_ids"":[""env39_topology_fragment_00028""]}"
39,env39_simplified_edge_00061,61.71744168782482,61.71744168782487,0.9999999999999991,-5.684341886080802e-14,-4.980902180621914e-16,0.012610371662272654,-1.16144904711829e-17,1,"{""shape_ids"":[""env39_shape_3305298596651482022""],""segment_ids"":[""env39_shape_3305298596651482022_segment_0012""],""fragment_ids"":[""env39_topology_fragment_00029""]}"
39,env39_simplified_edge_00062,60.438733291052145,60.437839999999994,1.000014780327228,0.0008932910521508575,7.827459077511586e-06,0.01234891797232934,1.8252104854221645e-07,1,"{""shape_ids"":[""env39_shape_3305298596651482022""],""segment_ids"":[""env39_shape_3305298596651482022_segment_0009""],""fragment_ids"":[""env39_topology_fragment_00021""]}"
39,env39_simplified_edge_00063,85.22829885483816,85.22829885483816,1.0,0.0,0.0,0.017414210558808308,0.0,1,"{""shape_ids"":[""env39_shape_3305298596651482022""],""segment_ids"":[""env39_shape_3305298596651482022_segment_0008""],""fragment_ids"":[""env39_topology_fragment_00020""]}"
39,env39_simplified_edge_00064,110.24906560201075,110.24906560201075,1.0,0.0,0.0,0.022526560638917392,0.0,1,"{""shape_ids"":[""env39_shape_3305298596651482022""],""segment_ids"":[""env39_shape_3305298596651482022_segment_0002""],""fragment_ids"":[""env39_topology_fragment_00005""]}"
39,env39_simplified_edge_00065,58.686395456645734,58.686395456645734,1.0,0.0,0.0,0.011991055331987369,0.0,1,"{""shape_ids"":[""env39_shape_3305298596651482022""],""segment_ids"":[""env39_shape_3305298596651482022_segment_0005""],""fragment_ids"":[""env39_topology_fragment_00015""]}"
39,env39_simplified_edge_00066,177.17928711864417,177.179287118644,1.0000000000000009,1.7053025658242404e-13,1.4942706541865742e-15,0.036202029771810564,3.48434714135487e-17,1,"{""shape_ids"":[""env39_shape_3305298596651482022""],""segment_ids"":[""env39_shape_3305298596651482022_segment_0003""],""fragment_ids"":[""env39_topology_fragment_00006""]}"
39,env39_simplified_edge_00067,41.52873443181986,41.52873443182005,0.9999999999999956,-1.8474111129762605e-13,-1.618793208702122e-15,0.00848532864498789,-3.774709403134443e-17,1,"{""shape_ids"":[""env39_shape_3305298596651482022""],""segment_ids"":[""env39_shape_3305298596651482022_segment_0003""],""fragment_ids"":[""env39_topology_fragment_00007""]}"
39,env39_simplified_edge_00068,51.93132927970986,51.9313292797098,1.000000000000001,5.684341886080802e-14,4.980902180621914e-16,0.010610831318080879,1.16144904711829e-17,1,"{""shape_ids"":[""env39_shape_3305298596651482022""],""segment_ids"":[""env39_shape_3305298596651482022_segment_0012""],""fragment_ids"":[""env39_topology_fragment_00030""]}"
39,env39_simplified_edge_00069,66.81688965349825,66.81688965349825,1.0,0.0,0.0,0.013652312681876635,0.0,1,"{""shape_ids"":[""env39_shape_3305298596651482022""],""segment_ids"":[""env39_shape_3305298596651482022_segment_0018""],""fragment_ids"":[""env39_topology_fragment_00044""]}"
39,env39_simplified_edge_00070,51.67445544237038,51.67445544237038,1.0,0.0,0.0,0.010558345756940013,0.0,1,"{""shape_ids"":[""env39_shape_3305298596651482022""],""segment_ids"":[""env39_shape_3305298596651482022_segment_0019""],""fragment_ids"":[""env39_topology_fragment_00045""]}"
