environment_id,simplified_edge_id,u,v,network_length,straight_distance,circuity,source_fragment_count,source_shape_provenance
38,env38_simplified_edge_00001,env38_topology_location_0001,env38_topology_location_0010,39.52552524837881,39.52552524835395,1.000000000000629,1,"[""env38_shape_4330855547456548042""]"
38,env38_simplified_edge_00002,env38_topology_location_0002,env38_topology_location_0009,72.66467776655305,72.5256109498445,1.0019174856286936,3,"[""env38_shape_4330855547829185599"",""env38_shape_4330855547829185599"",""env38_shape_4330855547829185599""]"
38,env38_simplified_edge_00003,env38_topology_location_0002,env38_topology_location_0010,155.11657020000206,155.00001794522325,1.0007519499437736,4,"[""env38_shape_4330855547829185599"",""env38_shape_4330855547829185599"",""env38_shape_4330855547829185599"",""env38_shape_4330855547829185599""]"
38,env38_simplified_edge_00004,env38_topology_location_0002,env38_topology_location_0024,64.86355587740165,61.11085455266527,1.0614080976645859,3,"[""env38_shape_4330855547829185599"",""env38_shape_4330855547829185599"",""env38_shape_4330855547829185599""]"
38,env38_simplified_edge_00005,env38_topology_location_0007,env38_topology_location_0015,78.21786857947046,78.21770208492435,1.0000021286044165,2,"[""env38_shape_4330855547524397474"",""env38_shape_4330855547524397474""]"
38,env38_simplified_edge_00006,env38_topology_location_0010,env38_topology_location_0012,18.05725404022776,18.03025061736817,1.001497673184508,2,"[""env38_shape_4330855547829185599"",""env38_shape_4330855547829185599""]"
38,env38_simplified_edge_00007,env38_topology_location_0010,env38_topology_location_0022,28.660957109981563,28.59043357712344,1.002466682873762,2,"[""env38_shape_4330855547456548042"",""env38_shape_4330855547456548042""]"
38,env38_simplified_edge_00008,env38_topology_location_0015,env38_topology_location_0016,80.0538163742815,80.0538163742815,1.0,1,"[""env38_shape_4330855547524397474""]"
38,env38_simplified_edge_00009,env38_topology_location_0015,env38_topology_location_0030,93.0250159804337,89.06494631225235,1.0444627188602098,4,"[""env38_shape_4330855547524397474"",""env38_shape_4330855547524397474"",""env38_shape_4330855547524397474"",""env38_shape_4330855547524397474""]"
38,env38_simplified_edge_00010,env38_topology_location_0017,env38_topology_location_0022,144.11546268535938,144.11546268486404,1.000000000003437,1,"[""env38_shape_4330855547829185599""]"
38,env38_simplified_edge_00011,env38_topology_location_0022,env38_topology_location_0024,106.97443367272766,106.76462887969954,1.0019651151812135,4,"[""env38_shape_4330855547829185599"",""env38_shape_4330855547829185599"",""env38_shape_4330855547829185599"",""env38_shape_4330855547829185599""]"
38,env38_simplified_edge_00012,env38_topology_location_0022,env38_topology_location_0040,85.27883358238961,85.07595160317969,1.0023847159554116,2,"[""env38_shape_4330855547456548042"",""env38_shape_4330855547456548042""]"
38,env38_simplified_edge_00013,env38_topology_location_0024,env38_topology_location_0030,119.71801443294311,119.41733042112686,1.0025179260895876,2,"[""env38_shape_4330855547829185599"",""env38_shape_4330855547829185599""]"
38,env38_simplified_edge_00014,env38_topology_location_0025,env38_topology_location_0066,149.93310300631407,140.85661421664307,1.0644377890250223,6,"[""env38_shape_4330855547529842337"",""env38_shape_4330855547529842337"",""env38_shape_4330855547529842337"",""env38_shape_4330855547529842337"",""env38_shape_4330855547529842337"",""env38_shape_4330855547529842337""]"
38,env38_simplified_edge_00015,env38_topology_location_0030,env38_topology_location_0092,228.44007725666845,210.64847214606712,1.0844611163296942,8,"[""env38_shape_4330855547829185599"",""env38_shape_4330855547829185599"",""env38_shape_4330855547829185599"",""env38_shape_4330855547829185599"",""env38_shape_4330855547829185599"",""env38_shape_4330855547829185599"",""env38_shape_4330855547829185599"",""env38_shape_4330855547829185599""]"
38,env38_simplified_edge_00016,env38_topology_location_0030,env38_topology_location_0085,185.37170785461072,177.97380472696227,1.0415673707655906,5,"[""env38_shape_4330855547524397474"",""env38_shape_4330855547524397474"",""env38_shape_4330855547524397474"",""env38_shape_4330855547524397474"",""env38_shape_4330855547524397474""]"
38,env38_simplified_edge_00017,env38_topology_location_0040,env38_topology_location_0042,62.19901125966523,60.58891883207353,1.0265740412377085,2,"[""env38_shape_4330855546755831596"",""env38_shape_4330855546755831596""]"
38,env38_simplified_edge_00018,env38_topology_location_0040,env38_topology_location_0046,36.35490032886818,36.234209450857364,1.0033308544560495,1,"[""env38_shape_4330855546755831596""]"
38,env38_simplified_edge_00019,env38_topology_location_0040,env38_topology_location_0051,34.3740762925391,34.37407629254339,0.9999999999998751,1,"[""env38_shape_4330855547456548042""]"
38,env38_simplified_edge_00020,env38_topology_location_0041,env38_topology_location_0042,0.01877981148047633,0.01877981148048926,0.9999999999993114,1,"[""env38_shape_4330855547529842337""]"
38,env38_simplified_edge_00021,env38_topology_location_0042,env38_topology_location_0059,39.77863055579262,39.750002653542104,1.0007201987506775,2,"[""env38_shape_4330855547529842337"",""env38_shape_4330855547529842337""]"
38,env38_simplified_edge_00022,env38_topology_location_0042,env38_topology_location_0066,73.81302605041621,71.8408660363249,1.0274517850758387,1,"[""env38_shape_4330855546755831596""]"
38,env38_simplified_edge_00023,env38_topology_location_0045,env38_topology_location_0046,0.8900414912740825,0.8900414912741077,0.9999999999999717,1,"[""env38_shape_4330855547456548042""]"
38,env38_simplified_edge_00024,env38_topology_location_0046,env38_topology_location_0057,27.549426901883354,27.549426901880118,1.0000000000001175,1,"[""env38_shape_4330855547456548042""]"
38,env38_simplified_edge_00025,env38_topology_location_0046,env38_topology_location_0073,94.29029901007382,90.53910548092401,1.0414317493996024,1,"[""env38_shape_4330855546755831596""]"
38,env38_simplified_edge_00026,env38_topology_location_0051,env38_topology_location_0054,2.079230137340751,1.6724082775602294,1.2432551101540879,2,"[""env38_shape_4330855547456548042"",""env38_shape_4330855547456548042""]"
38,env38_simplified_edge_00027,env38_topology_location_0051,env38_topology_location_0053,1.6338756638215002,1.633875663785291,1.0000000000221616,1,"[""env38_shape_4330855547456548042""]"
38,env38_simplified_edge_00028,env38_topology_location_0051,env38_topology_location_0057,35.0783560358813,34.98911110517842,1.0025506486985225,2,"[""env38_shape_4330855547456548042"",""env38_shape_4330855547456548042""]"
38,env38_simplified_edge_00029,env38_topology_location_0052,env38_topology_location_0053,0.2708370165057581,0.27083701650687736,0.9999999999958674,1,"[""env38_shape_4330855547529842337""]"
38,env38_simplified_edge_00030,env38_topology_location_0053,env38_topology_location_0054,0.3014535695529683,0.3014535695516725,1.0000000000042986,1,"[""env38_shape_4330855547529842337""]"
38,env38_simplified_edge_00031,env38_topology_location_0053,env38_topology_location_0064,21.355513408674945,21.355513408706862,0.9999999999985054,1,"[""env38_shape_4330855547456548042""]"
38,env38_simplified_edge_00032,env38_topology_location_0054,env38_topology_location_0059,61.92867573646569,61.205539456878824,1.011814882868508,2,"[""env38_shape_4330855547529842337"",""env38_shape_4330855547529842337""]"
38,env38_simplified_edge_00033,env38_topology_location_0054,env38_topology_location_0064,21.34646347977014,21.346463479765085,1.000000000000237,1,"[""env38_shape_4330855547456548042""]"
38,env38_simplified_edge_00034,env38_topology_location_0057,env38_topology_location_0058,0.1706880113698081,0.17068801136935394,1.0000000000026608,1,"[""env38_shape_4330855547456548042""]"
38,env38_simplified_edge_00035,env38_topology_location_0057,env38_topology_location_0076,62.23890674781235,61.93640296598258,1.0048841031662092,2,"[""env38_shape_4330855547456548042"",""env38_shape_4330855547456548042""]"
38,env38_simplified_edge_00036,env38_topology_location_0059,env38_topology_location_0066,52.51635038092916,50.19702375563983,1.0462044649615057,4,"[""env38_shape_4330855547529842337"",""env38_shape_4330855547529842337"",""env38_shape_4330855547529842337"",""env38_shape_4330855547529842337""]"
38,env38_simplified_edge_00037,env38_topology_location_0059,env38_topology_location_0084,68.03334358172839,66.95285706670441,1.0161380195313772,3,"[""env38_shape_4330855547529842337"",""env38_shape_4330855547529842337"",""env38_shape_4330855547529842337""]"
38,env38_simplified_edge_00038,env38_topology_location_0064,env38_topology_location_0087,55.63442245419875,55.593852002167694,1.0007297650831872,2,"[""env38_shape_4330855547456548042"",""env38_shape_4330855547456548042""]"
38,env38_simplified_edge_00039,env38_topology_location_0066,env38_topology_location_0080,50.0992472971117,49.90036109018024,1.0039856666883038,1,"[""env38_shape_4330855546755831596""]"
38,env38_simplified_edge_00040,env38_topology_location_0073,env38_topology_location_0076,40.82202041714578,39.5726602753799,1.0315712952597014,2,"[""env38_shape_4330855547524397474"",""env38_shape_4330855547524397474""]"
38,env38_simplified_edge_00041,env38_topology_location_0073,env38_topology_location_0075,49.600372650826465,49.24177269136633,1.007282433995781,2,"[""env38_shape_4330855547524397474"",""env38_shape_4330855547524397474""]"
38,env38_simplified_edge_00042,env38_topology_location_0073,env38_topology_location_0109,86.16721543859738,84.4631668865186,1.0201750492539343,2,"[""env38_shape_4330855546755831596"",""env38_shape_4330855546755831596""]"
38,env38_simplified_edge_00043,env38_topology_location_0076,env38_topology_location_0087,47.76836794585611,46.11577894082166,1.0358356519827008,2,"[""env38_shape_4330855547524397474"",""env38_shape_4330855547524397474""]"
38,env38_simplified_edge_00044,env38_topology_location_0076,env38_topology_location_0108,72.17641466878302,71.6901585142663,1.0067827462596552,2,"[""env38_shape_4330855547456548042"",""env38_shape_4330855547456548042""]"
38,env38_simplified_edge_00045,env38_topology_location_0080,env38_topology_location_0085,143.08409062211604,142.85852022884964,1.001578977528992,2,"[""env38_shape_4330855547524397474"",""env38_shape_4330855547524397474""]"
38,env38_simplified_edge_00046,env38_topology_location_0080,env38_topology_location_0084,75.51091709251168,75.4950721995693,1.0002098798303085,2,"[""env38_shape_4330855547524397474"",""env38_shape_4330855547524397474""]"
38,env38_simplified_edge_00047,env38_topology_location_0080,env38_topology_location_0112,83.41214396918215,81.62687439343601,1.0218711005292358,2,"[""env38_shape_4330855546755831596"",""env38_shape_4330855546755831596""]"
38,env38_simplified_edge_00048,env38_topology_location_0084,env38_topology_location_0087,36.78972735479909,36.78972735468345,1.0000000000031433,1,"[""env38_shape_4330855547524397474""]"
38,env38_simplified_edge_00049,env38_topology_location_0084,env38_topology_location_0106,62.9952967548427,61.07842222702535,1.0313838252188707,4,"[""env38_shape_4330855547529842337"",""env38_shape_4330855547529842337"",""env38_shape_4330855547529842337"",""env38_shape_4330855547529842337""]"
38,env38_simplified_edge_00050,env38_topology_location_0085,env38_topology_location_0090,36.99638060703486,36.99614711615191,1.0000063112216042,2,"[""env38_shape_4330855547524397474"",""env38_shape_4330855547524397474""]"
38,env38_simplified_edge_00051,env38_topology_location_0085,env38_topology_location_0111,90.35246281158291,78.89128527066593,1.1452781191432633,4,"[""env38_shape_4330855547524397474"",""env38_shape_4330855547524397474"",""env38_shape_4330855547524397474"",""env38_shape_4330855547524397474""]"
38,env38_simplified_edge_00052,env38_topology_location_0087,env38_topology_location_0103,56.78516335219466,54.58791626318196,1.0402515288991656,3,"[""env38_shape_4330855547456548042"",""env38_shape_4330855547456548042"",""env38_shape_4330855547456548042""]"
38,env38_simplified_edge_00053,env38_topology_location_0090,env38_topology_location_0092,38.783235697277206,38.7832356973003,0.9999999999994046,1,"[""env38_shape_4330855547524397474""]"
38,env38_simplified_edge_00054,env38_topology_location_0090,env38_topology_location_0121,82.75906052733909,82.75906052733909,1.0,1,"[""env38_shape_4330855547524397474""]"
38,env38_simplified_edge_00055,env38_topology_location_0091,env38_topology_location_0092,60.0430577435329,59.98309379104935,1.0009996808882922,2,"[""env38_shape_4330855547524397474"",""env38_shape_4330855547524397474""]"
38,env38_simplified_edge_00056,env38_topology_location_0092,env38_topology_location_0141,126.45015224258502,126.44594443509993,1.0000332775203182,2,"[""env38_shape_4330855547829185599"",""env38_shape_4330855547829185599""]"
38,env38_simplified_edge_00057,env38_topology_location_0103,env38_topology_location_0106,34.743126567261726,33.85455050296581,1.0262468723139029,2,"[""env38_shape_4330855547456548042"",""env38_shape_4330855547456548042""]"
38,env38_simplified_edge_00058,env38_topology_location_0103,env38_topology_location_0108,45.8386627240515,45.57275744412007,1.0058347419564742,2,"[""env38_shape_4330855547456548042"",""env38_shape_4330855547456548042""]"
38,env38_simplified_edge_00059,env38_topology_location_0103,env38_topology_location_0124,37.49725992221705,37.32934670938491,1.004498155677338,2,"[""env38_shape_4330855547456548042"",""env38_shape_4330855547456548042""]"
38,env38_simplified_edge_00060,env38_topology_location_0106,env38_topology_location_0127,50.75530305691636,44.233268453687856,1.1474463640428711,4,"[""env38_shape_4330855547529842337"",""env38_shape_4330855547529842337"",""env38_shape_4330855547529842337"",""env38_shape_4330855547529842337""]"
38,env38_simplified_edge_00061,env38_topology_location_0106,env38_topology_location_0116,63.180290619222305,61.44907949438279,1.0281731010307122,3,"[""env38_shape_4330855547456548042"",""env38_shape_4330855547456548042"",""env38_shape_4330855547456548042""]"
38,env38_simplified_edge_00062,env38_topology_location_0108,env38_topology_location_0109,1.0776962174517681,1.0776962174518085,0.9999999999999625,1,"[""env38_shape_4330855547456548042""]"
38,env38_simplified_edge_00063,env38_topology_location_0109,env38_topology_location_0124,41.67665603089947,41.31651842194426,1.0087165526697413,1,"[""env38_shape_4330855546755831596""]"
38,env38_simplified_edge_00064,env38_topology_location_0109,env38_topology_location_0137,76.31993266554773,73.48808051377843,1.0385348498963496,3,"[""env38_shape_4330855547456548042"",""env38_shape_4330855547456548042"",""env38_shape_4330855547456548042""]"
38,env38_simplified_edge_00065,env38_topology_location_0111,env38_topology_location_0112,143.91238565526908,138.0934408871462,1.0421377346435903,3,"[""env38_shape_4330855547524397474"",""env38_shape_4330855547524397474"",""env38_shape_4330855547524397474""]"
38,env38_simplified_edge_00066,env38_topology_location_0111,env38_topology_location_0121,83.34757158866859,78.72789320636342,1.058679055086562,3,"[""env38_shape_4330855547524397474"",""env38_shape_4330855547524397474"",""env38_shape_4330855547524397474""]"
38,env38_simplified_edge_00067,env38_topology_location_0112,env38_topology_location_0113,1.7572326348784184,1.757232634878411,1.0000000000000042,1,"[""env38_shape_4330855547524397474""]"
38,env38_simplified_edge_00068,env38_topology_location_0112,env38_topology_location_0116,1.6083989361298638,1.6083989361300226,0.9999999999999013,1,"[""env38_shape_4330855546755831596""]"
38,env38_simplified_edge_00069,env38_topology_location_0116,env38_topology_location_0135,61.5956262948304,59.27812953667144,1.0390953084429777,3,"[""env38_shape_4330855547456548042"",""env38_shape_4330855547456548042"",""env38_shape_4330855547456548042""]"
38,env38_simplified_edge_00070,env38_topology_location_0116,env38_topology_location_0127,38.00336890726708,37.78445674677205,1.0057937093541442,1,"[""env38_shape_4330855546755831596""]"
38,env38_simplified_edge_00071,env38_topology_location_0121,env38_topology_location_0142,49.792918220070135,49.423107972031254,1.0074825372829277,2,"[""env38_shape_4330855547524397474"",""env38_shape_4330855547524397474""]"
38,env38_simplified_edge_00072,env38_topology_location_0124,env38_topology_location_0127,77.05189196268117,74.3395300482979,1.0364861321106156,2,"[""env38_shape_4330855546755831596"",""env38_shape_4330855546755831596""]"
38,env38_simplified_edge_00073,env38_topology_location_0124,env38_topology_location_0136,35.84061284063316,35.8216564382443,1.0005291883255467,3,"[""env38_shape_4330855547456548042"",""env38_shape_4330855547456548042"",""env38_shape_4330855547456548042""]"
38,env38_simplified_edge_00074,env38_topology_location_0127,env38_topology_location_0134,31.507386939702087,31.436045493778785,1.0022694154052367,1,"[""env38_shape_4330855547529842337""]"
38,env38_simplified_edge_00075,env38_topology_location_0135,env38_topology_location_0136,134.27643628264923,134.27643628264923,1.0,1,"[""env38_shape_4330855547456548042""]"
38,env38_simplified_edge_00076,env38_topology_location_0135,env38_topology_location_0142,178.826058952312,178.77546075563495,1.0002830265208837,2,"[""env38_shape_4330855547456548042"",""env38_shape_4330855547456548042""]"
38,env38_simplified_edge_00077,env38_topology_location_0136,env38_topology_location_0137,70.5284962598805,70.52849625988249,0.9999999999999718,1,"[""env38_shape_4330855547456548042""]"
38,env38_simplified_edge_00078,env38_topology_location_0136,env38_topology_location_0146,49.91529546418303,49.72166425504055,1.0038943026554636,2,"[""env38_shape_4330855547456548042"",""env38_shape_4330855547456548042""]"
38,env38_simplified_edge_00079,env38_topology_location_0137,env38_topology_location_0138,0.4413891758814781,0.44138917588255283,0.9999999999975651,1,"[""env38_shape_4330855547456548042""]"
38,env38_simplified_edge_00080,env38_topology_location_0137,env38_topology_location_0139,44.80329167439527,44.80329167439328,1.0000000000000444,1,"[""env38_shape_4330855547456548042""]"
38,env38_simplified_edge_00081,env38_topology_location_0140,env38_topology_location_0141,58.66341372700983,58.66341372700487,1.0000000000000846,1,"[""env38_shape_4330855547456548042""]"
38,env38_simplified_edge_00082,env38_topology_location_0141,env38_topology_location_0142,40.97263719813388,40.972637198138585,0.9999999999998852,1,"[""env38_shape_4330855547456548042""]"
38,env38_simplified_edge_00083,env38_topology_location_0141,env38_topology_location_0147,38.799082940213296,38.79908294021314,1.000000000000004,1,"[""env38_shape_4330855547829185599""]"
38,env38_simplified_edge_00084,env38_topology_location_0142,env38_topology_location_0145,37.996254619622036,37.99625461962198,1.0000000000000016,1,"[""env38_shape_4330855547524397474""]"
39,env39_simplified_edge_00001,env39_topology_location_0001,env39_topology_location_0003,37.91824594955883,37.91824595551482,0.9999999998429255,1,"[""env39_shape_3305298596651482022""]"
39,env39_simplified_edge_00002,env39_topology_location_0002,env39_topology_location_0003,0.09984333824298665,0.09984333819449714,1.000000000485656,1,"[""env39_shape_3305298596651482022""]"
39,env39_simplified_edge_00003,env39_topology_location_0003,env39_topology_location_0004,111.19478172843165,111.1947817284801,0.9999999999995643,1,"[""env39_shape_3305298596651482022""]"
39,env39_simplified_edge_00004,env39_topology_location_0003,env39_topology_location_0009,32.395754920915905,32.395754914959944,1.00000000018385,1,"[""env39_shape_3305298596651482022""]"
39,env39_simplified_edge_00005,env39_topology_location_0004,env39_topology_location_0007,109.44731035501,109.44731035501191,0.9999999999999826,1,"[""env39_shape_3305298596651482022""]"
39,env39_simplified_edge_00006,env39_topology_location_0004,env39_topology_location_0010,33.264611312352606,33.264611312350816,1.0000000000000537,1,"[""env39_shape_3305298596651482022""]"
39,env39_simplified_edge_00007,env39_topology_location_0005,env39_topology_location_0007,167.42834546122702,167.42761806838874,1.0000043445212128,1,"[""env39_shape_3305298596651482022""]"
39,env39_simplified_edge_00008,env39_topology_location_0006,env39_topology_location_0007,0.0573219415371643,0.05732194153715889,1.0000000000000944,1,"[""env39_shape_3305298596651482022""]"
39,env39_simplified_edge_00009,env39_topology_location_0007,env39_topology_location_0011,34.982383943055744,34.98238394305575,0.9999999999999998,1,"[""env39_shape_3305298596651482022""]"
39,env39_simplified_edge_00010,env39_topology_location_0008,env39_topology_location_0009,145.2018623357245,145.20126315307687,1.000004126566358,1,"[""env39_shape_3305298596651482022""]"
39,env39_simplified_edge_00011,env39_topology_location_0009,env39_topology_location_0010,111.11375986139662,111.11375986139667,0.9999999999999994,1,"[""env39_shape_3305298596651482022""]"
39,env39_simplified_edge_00012,env39_topology_location_0009,env39_topology_location_0015,79.00147520265287,79.0014752026528,1.0000000000000009,1,"[""env39_shape_3305298596651482022""]"
39,env39_simplified_edge_00013,env39_topology_location_0010,env39_topology_location_0011,109.44832264160264,109.44832264160257,1.0000000000000007,1,"[""env39_shape_3305298596651482022""]"
39,env39_simplified_edge_00014,env39_topology_location_0010,env39_topology_location_0028,190.76526100225658,190.76526100614245,0.9999999999796301,1,"[""env39_shape_3305298596651482022""]"
39,env39_simplified_edge_00015,env39_topology_location_0011,env39_topology_location_0031,298.747810146568,219.93951020236364,1.358318066052315,2,"[""env39_shape_3305298596651482022"",""env39_shape_3305298596651482022""]"
39,env39_simplified_edge_00016,env39_topology_location_0011,env39_topology_location_0029,189.70579480565237,189.70579480565178,1.000000000000003,1,"[""env39_shape_3305298596651482022""]"
39,env39_simplified_edge_00017,env39_topology_location_0014,env39_topology_location_0024,154.01478561291103,118.70256861915004,1.2974848598858721,2,"[""env39_shape_3305298596651482022"",""env39_shape_3305298596651482022""]"
39,env39_simplified_edge_00018,env39_topology_location_0014,env39_topology_location_0015,43.48008809081695,43.480088090816956,0.9999999999999999,1,"[""env39_shape_3305298596651482022""]"
39,env39_simplified_edge_00019,env39_topology_location_0014,env39_topology_location_0019,52.78787015298836,52.78787015298896,0.9999999999999887,1,"[""env39_shape_3305298596651482022""]"
39,env39_simplified_edge_00020,env39_topology_location_0015,env39_topology_location_0016,53.40163937390831,53.40163937390831,1.0,1,"[""env39_shape_3305298596651482022""]"
39,env39_simplified_edge_00021,env39_topology_location_0015,env39_topology_location_0020,52.5334311677211,52.53343117111265,0.9999999999354401,1,"[""env39_shape_3305298596651482022""]"
39,env39_simplified_edge_00022,env39_topology_location_0016,env39_topology_location_0017,54.03822856318028,54.03822856318028,1.0,1,"[""env39_shape_3305298596651482022""]"
39,env39_simplified_edge_00023,env39_topology_location_0016,env39_topology_location_0021,52.22403226391193,52.22403226391193,1.0,1,"[""env39_shape_3305298596651482022""]"
39,env39_simplified_edge_00024,env39_topology_location_0018,env39_topology_location_0019,40.96887363644802,40.968873636448016,1.0000000000000002,1,"[""env39_shape_3305298596651482022""]"
39,env39_simplified_edge_00025,env39_topology_location_0019,env39_topology_location_0020,43.77641708440763,43.776417084367715,1.000000000000912,1,"[""env39_shape_3305298596651482022""]"
39,env39_simplified_edge_00026,env39_topology_location_0019,env39_topology_location_0025,59.169609215932006,59.16960921593142,1.0000000000000098,1,"[""env39_shape_3305298596651482022""]"
39,env39_simplified_edge_00027,env39_topology_location_0020,env39_topology_location_0021,53.811604714116264,53.811604714156154,0.9999999999992587,1,"[""env39_shape_3305298596651482022""]"
39,env39_simplified_edge_00028,env39_topology_location_0020,env39_topology_location_0026,59.32054131019549,59.32054130843801,1.0000000000296267,1,"[""env39_shape_3305298596651482022""]"
39,env39_simplified_edge_00029,env39_topology_location_0021,env39_topology_location_0022,55.4426202529214,55.4426202529214,1.0,1,"[""env39_shape_3305298596651482022""]"
39,env39_simplified_edge_00030,env39_topology_location_0021,env39_topology_location_0027,59.50328697050086,59.503286970500916,0.999999999999999,1,"[""env39_shape_3305298596651482022""]"
39,env39_simplified_edge_00031,env39_topology_location_0023,env39_topology_location_0024,56.35887288919129,56.358872889192426,0.9999999999999798,1,"[""env39_shape_3305298596651482022""]"
39,env39_simplified_edge_00032,env39_topology_location_0024,env39_topology_location_0025,41.215418339150695,41.21541833914569,1.0000000000001215,1,"[""env39_shape_3305298596651482022""]"
39,env39_simplified_edge_00033,env39_topology_location_0024,env39_topology_location_0034,58.29566104264885,58.29566104264886,0.9999999999999999,1,"[""env39_shape_3305298596651482022""]"
39,env39_simplified_edge_00034,env39_topology_location_0025,env39_topology_location_0026,43.74955240068559,43.74955240066452,1.0000000000004816,1,"[""env39_shape_3305298596651482022""]"
39,env39_simplified_edge_00035,env39_topology_location_0025,env39_topology_location_0035,58.47914303771631,58.47914303771635,0.9999999999999994,1,"[""env39_shape_3305298596651482022""]"
39,env39_simplified_edge_00036,env39_topology_location_0026,env39_topology_location_0027,53.56163259249255,53.561632592515636,0.999999999999569,1,"[""env39_shape_3305298596651482022""]"
39,env39_simplified_edge_00037,env39_topology_location_0026,env39_topology_location_0037,58.6564197036583,58.65641970202321,1.0000000000278757,1,"[""env39_shape_3305298596651482022""]"
39,env39_simplified_edge_00038,env39_topology_location_0027,env39_topology_location_0028,57.01202444483839,57.01202444478108,1.0000000000010052,1,"[""env39_shape_3305298596651482022""]"
39,env39_simplified_edge_00039,env39_topology_location_0027,env39_topology_location_0038,58.88695198158881,58.88695198158882,0.9999999999999998,1,"[""env39_shape_3305298596651482022""]"
39,env39_simplified_edge_00040,env39_topology_location_0028,env39_topology_location_0029,109.48989555890785,109.48989556226395,0.9999999999693479,1,"[""env39_shape_3305298596651482022""]"
39,env39_simplified_edge_00041,env39_topology_location_0028,env39_topology_location_0039,59.15573571310436,59.15573570921997,1.000000000065664,1,"[""env39_shape_3305298596651482022""]"
39,env39_simplified_edge_00042,env39_topology_location_0029,env39_topology_location_0032,69.32091680389706,69.32091680060009,1.000000000047561,1,"[""env39_shape_3305298596651482022""]"
39,env39_simplified_edge_00043,env39_topology_location_0029,env39_topology_location_0040,59.693328857795834,59.69332885779649,0.999999999999989,1,"[""env39_shape_3305298596651482022""]"
39,env39_simplified_edge_00044,env39_topology_location_0030,env39_topology_location_0031,60.57945337987845,60.57945338005941,0.9999999999970128,1,"[""env39_shape_3305298596651482022""]"
39,env39_simplified_edge_00045,env39_topology_location_0031,env39_topology_location_0032,40.23520088282489,40.23520088264393,1.0000000000044975,1,"[""env39_shape_3305298596651482022""]"
39,env39_simplified_edge_00046,env39_topology_location_0031,env39_topology_location_0049,122.28988253982047,122.289882539821,0.9999999999999957,1,"[""env39_shape_3305298596651482022""]"
39,env39_simplified_edge_00047,env39_topology_location_0032,env39_topology_location_0042,60.04170190320333,60.04170190320333,1.0,1,"[""env39_shape_3305298596651482022""]"
39,env39_simplified_edge_00048,env39_topology_location_0033,env39_topology_location_0034,64.54943823929432,64.54943823929432,1.0,1,"[""env39_shape_3305298596651482022""]"
39,env39_simplified_edge_00049,env39_topology_location_0034,env39_topology_location_0035,41.724599674083706,41.724599674082455,1.00000000000003,1,"[""env39_shape_3305298596651482022""]"
39,env39_simplified_edge_00050,env39_topology_location_0034,env39_topology_location_0043,63.36253300000004,63.36253300000004,1.0,1,"[""env39_shape_3305298596651482022""]"
39,env39_simplified_edge_00051,env39_topology_location_0035,env39_topology_location_0036,0.24581908495658786,0.2458190849565149,1.0000000000002969,1,"[""env39_shape_3305298596651482022""]"
39,env39_simplified_edge_00052,env39_topology_location_0035,env39_topology_location_0037,43.34467363883803,43.34467363883935,0.9999999999999695,1,"[""env39_shape_3305298596651482022""]"
39,env39_simplified_edge_00053,env39_topology_location_0037,env39_topology_location_0038,53.140874326871014,53.14087432687102,0.9999999999999999,1,"[""env39_shape_3305298596651482022""]"
39,env39_simplified_edge_00054,env39_topology_location_0037,env39_topology_location_0046,62.817553548400454,62.817553548401534,0.9999999999999828,1,"[""env39_shape_3305298596651482022""]"
39,env39_simplified_edge_00055,env39_topology_location_0038,env39_topology_location_0039,57.27569982386201,57.27569982386194,1.0000000000000013,1,"[""env39_shape_3305298596651482022""]"
39,env39_simplified_edge_00056,env39_topology_location_0038,env39_topology_location_0045,61.72463951320012,61.72463951320006,1.0000000000000009,1,"[""env39_shape_3305298596651482022""]"
39,env39_simplified_edge_00057,env39_topology_location_0039,env39_topology_location_0040,109.5192687666896,109.51926876668955,1.0000000000000004,1,"[""env39_shape_3305298596651482022""]"
39,env39_simplified_edge_00058,env39_topology_location_0039,env39_topology_location_0047,63.281040420872706,63.28104042087305,0.9999999999999946,1,"[""env39_shape_3305298596651482022""]"
39,env39_simplified_edge_00059,env39_topology_location_0040,env39_topology_location_0041,1.1229403375807883,1.1229403375807314,1.0000000000000506,1,"[""env39_shape_3305298596651482022""]"
39,env39_simplified_edge_00060,env39_topology_location_0040,env39_topology_location_0042,68.47634360838838,68.47634360838842,0.9999999999999993,1,"[""env39_shape_3305298596651482022""]"
39,env39_simplified_edge_00061,env39_topology_location_0042,env39_topology_location_0048,61.71744168782482,61.71744168782487,0.9999999999999991,1,"[""env39_shape_3305298596651482022""]"
39,env39_simplified_edge_00062,env39_topology_location_0043,env39_topology_location_0044,60.438733291052145,60.437839999999994,1.000014780327228,1,"[""env39_shape_3305298596651482022""]"
39,env39_simplified_edge_00063,env39_topology_location_0043,env39_topology_location_0046,85.22829885483816,85.22829885483816,1.0,1,"[""env39_shape_3305298596651482022""]"
39,env39_simplified_edge_00064,env39_topology_location_0046,env39_topology_location_0047,110.24906560201075,110.24906560201075,1.0,1,"[""env39_shape_3305298596651482022""]"
39,env39_simplified_edge_00065,env39_topology_location_0046,env39_topology_location_0053,58.686395456645734,58.686395456645734,1.0,1,"[""env39_shape_3305298596651482022""]"
39,env39_simplified_edge_00066,env39_topology_location_0047,env39_topology_location_0048,177.17928711864417,177.179287118644,1.0000000000000009,1,"[""env39_shape_3305298596651482022""]"
39,env39_simplified_edge_00067,env39_topology_location_0048,env39_topology_location_0049,41.52873443181986,41.52873443182005,0.9999999999999956,1,"[""env39_shape_3305298596651482022""]"
39,env39_simplified_edge_00068,env39_topology_location_0048,env39_topology_location_0051,51.93132927970986,51.9313292797098,1.000000000000001,1,"[""env39_shape_3305298596651482022""]"
39,env39_simplified_edge_00069,env39_topology_location_0049,env39_topology_location_0050,66.81688965349825,66.81688965349825,1.0,1,"[""env39_shape_3305298596651482022""]"
39,env39_simplified_edge_00070,env39_topology_location_0049,env39_topology_location_0052,51.67445544237038,51.67445544237038,1.0,1,"[""env39_shape_3305298596651482022""]"
